ISO-10303-21;
HEADER;
/* Generated by software containing ST-Developer
 * from STEP Tools, Inc. (www.steptools.com) 
 */
/* OPTION: strings as raw bytes, not using required /X/ escapes */

FILE_DESCRIPTION(
/* description */ ('Unknown'),
/* implementation_level */ '2;1');

FILE_NAME(
/* name */ 'РћСЃРЅРѕРІР°',
/* time_stamp */ '2026-06-09T08:52:38+03:00',
/* author */ ('Unknown'),
/* organization */ ('Unknown'),
/* preprocessor_version */ 'ST-DEVELOPER v18.102',
/* originating_system */ 'Solid Edge',
/* authorisation */ 'Unknown');

FILE_SCHEMA (('AUTOMOTIVE_DESIGN {1 0 10303 214 3 1 1}'));
ENDSEC;

DATA;
#10=PROPERTY_DEFINITION_REPRESENTATION(#14,#12);
#11=PROPERTY_DEFINITION_REPRESENTATION(#15,#13);
#12=REPRESENTATION('',(#16),#2251);
#13=REPRESENTATION('',(#17),#2251);
#14=PROPERTY_DEFINITION('pmi validation property','',#2256);
#15=PROPERTY_DEFINITION('pmi validation property','',#2256);
#16=VALUE_REPRESENTATION_ITEM('number of annotations',COUNT_MEASURE(0.));
#17=VALUE_REPRESENTATION_ITEM('number of views',COUNT_MEASURE(0.));
#18=SHAPE_REPRESENTATION_RELATIONSHIP('','',#1257,#19);
#19=ADVANCED_BREP_SHAPE_REPRESENTATION('',(#1255),#2251);
#20=TOROIDAL_SURFACE('',#1385,7.,2.);
#21=TOROIDAL_SURFACE('',#1386,6.99999999999999,2.);
#22=TOROIDAL_SURFACE('',#1387,7.,2.);
#23=TOROIDAL_SURFACE('',#1388,7.,2.);
#24=(
BOUNDED_SURFACE()
B_SPLINE_SURFACE(3,2,((#1997,#1998,#1999),(#2000,#2001,#2002),(#2003,#2004,
#2005),(#2006,#2007,#2008),(#2009,#2010,#2011)),.UNSPECIFIED.,.F.,.F.,.F.)
B_SPLINE_SURFACE_WITH_KNOTS((4,1,4),(3,3),(5.49915667165253,6.28318530717958,
7.06721394270664),(0.,1.),.UNSPECIFIED.)
GEOMETRIC_REPRESENTATION_ITEM()
RATIONAL_B_SPLINE_SURFACE(((1.,0.725374371012288,1.),(1.,0.730075466713953,
1.),(1.,0.735470890429831,1.),(1.,0.730075466711687,1.),(1.,0.725374371012288,
1.)))
REPRESENTATION_ITEM('')
SURFACE()
);
#25=(
BOUNDED_SURFACE()
B_SPLINE_SURFACE(3,2,((#2021,#2022,#2023),(#2024,#2025,#2026),(#2027,#2028,
#2029),(#2030,#2031,#2032),(#2033,#2034,#2035)),.UNSPECIFIED.,.F.,.F.,.F.)
B_SPLINE_SURFACE_WITH_KNOTS((4,1,4),(3,3),(5.49915667165253,6.28318530717959,
7.06721394270665),(0.,1.),.UNSPECIFIED.)
GEOMETRIC_REPRESENTATION_ITEM()
RATIONAL_B_SPLINE_SURFACE(((1.,0.725374371012288,1.),(1.,0.730075466711687,
1.),(1.,0.735470890430639,1.),(1.,0.730075466712341,1.),(1.,0.725374371012288,
1.)))
REPRESENTATION_ITEM('')
SURFACE()
);
#26=(
BOUNDED_SURFACE()
B_SPLINE_SURFACE(3,2,((#2043,#2044,#2045),(#2046,#2047,#2048),(#2049,#2050,
#2051),(#2052,#2053,#2054),(#2055,#2056,#2057)),.UNSPECIFIED.,.F.,.F.,.F.)
B_SPLINE_SURFACE_WITH_KNOTS((4,1,4),(3,3),(5.49915667165253,6.28318530717958,
7.06721394270664),(0.,1.),.UNSPECIFIED.)
GEOMETRIC_REPRESENTATION_ITEM()
RATIONAL_B_SPLINE_SURFACE(((1.,0.725374371012288,1.),(1.,0.730075466711687,
1.),(1.,0.735470890430963,1.),(1.,0.730075466711687,1.),(1.,0.725374371012288,
1.)))
REPRESENTATION_ITEM('')
SURFACE()
);
#27=(
BOUNDED_SURFACE()
B_SPLINE_SURFACE(3,2,((#2065,#2066,#2067),(#2068,#2069,#2070),(#2071,#2072,
#2073),(#2074,#2075,#2076),(#2077,#2078,#2079)),.UNSPECIFIED.,.F.,.F.,.F.)
B_SPLINE_SURFACE_WITH_KNOTS((4,1,4),(3,3),(5.49915667165253,6.28318530717959,
7.06721394270664),(0.,1.),.UNSPECIFIED.)
GEOMETRIC_REPRESENTATION_ITEM()
RATIONAL_B_SPLINE_SURFACE(((1.,0.725374371012288,1.),(1.,0.730075466711643,
1.),(1.,0.735470890431007,1.),(1.,0.730075466711643,1.),(1.,0.725374371012288,
1.)))
REPRESENTATION_ITEM('')
SURFACE()
);
#28=(
BOUNDED_SURFACE()
B_SPLINE_SURFACE(3,2,((#2104,#2105,#2106),(#2107,#2108,#2109),(#2110,#2111,
#2112),(#2113,#2114,#2115),(#2116,#2117,#2118)),.UNSPECIFIED.,.F.,.F.,.F.)
B_SPLINE_SURFACE_WITH_KNOTS((4,1,4),(3,3),(5.49915667165252,6.28318530717958,
7.06721394270664),(0.,1.),.UNSPECIFIED.)
GEOMETRIC_REPRESENTATION_ITEM()
RATIONAL_B_SPLINE_SURFACE(((1.,0.725374371012287,1.),(1.,0.730075466912052,
1.),(1.,0.735470890228239,1.),(1.,0.730075466916759,1.),(1.,0.725374371012288,
1.)))
REPRESENTATION_ITEM('')
SURFACE()
);
#29=(
BOUNDED_SURFACE()
B_SPLINE_SURFACE(3,2,((#2119,#2120,#2121),(#2122,#2123,#2124),(#2125,#2126,
#2127),(#2128,#2129,#2130),(#2131,#2132,#2133)),.UNSPECIFIED.,.F.,.F.,.F.)
B_SPLINE_SURFACE_WITH_KNOTS((4,1,4),(3,3),(5.49915667165253,6.28318530717958,
7.06721394270664),(0.,1.),.UNSPECIFIED.)
GEOMETRIC_REPRESENTATION_ITEM()
RATIONAL_B_SPLINE_SURFACE(((1.,0.725374371012288,1.),(1.,0.730075466911587,
1.),(1.,0.735470890231138,1.),(1.,0.730075466911442,1.),(1.,0.725374371012288,
1.)))
REPRESENTATION_ITEM('')
SURFACE()
);
#30=(
BOUNDED_SURFACE()
B_SPLINE_SURFACE(3,2,((#2140,#2141,#2142),(#2143,#2144,#2145),(#2146,#2147,
#2148),(#2149,#2150,#2151),(#2152,#2153,#2154)),.UNSPECIFIED.,.F.,.F.,.F.)
B_SPLINE_SURFACE_WITH_KNOTS((4,1,4),(3,3),(5.49915667165253,6.28318530717958,
7.06721394270664),(0.,1.),.UNSPECIFIED.)
GEOMETRIC_REPRESENTATION_ITEM()
RATIONAL_B_SPLINE_SURFACE(((1.,0.725374371012287,1.),(1.,0.730075466911587,
1.),(1.,0.73547089023102,1.),(1.,0.730075466911674,1.),(1.,0.725374371012287,
1.)))
REPRESENTATION_ITEM('')
SURFACE()
);
#31=(
BOUNDED_SURFACE()
B_SPLINE_SURFACE(3,2,((#2156,#2157,#2158),(#2159,#2160,#2161),(#2162,#2163,
#2164),(#2165,#2166,#2167),(#2168,#2169,#2170)),.UNSPECIFIED.,.F.,.F.,.F.)
B_SPLINE_SURFACE_WITH_KNOTS((4,1,4),(3,3),(5.49915667165253,6.28318530717958,
7.06721394270664),(0.,1.),.UNSPECIFIED.)
GEOMETRIC_REPRESENTATION_ITEM()
RATIONAL_B_SPLINE_SURFACE(((1.,0.725374371012288,1.),(1.,0.730075466911587,
1.),(1.,0.735470890231064,1.),(1.,0.730075466911587,1.),(1.,0.725374371012288,
1.)))
REPRESENTATION_ITEM('')
SURFACE()
);
#32=CYLINDRICAL_SURFACE('',#1272,1.);
#33=CYLINDRICAL_SURFACE('',#1275,1.);
#34=CYLINDRICAL_SURFACE('',#1290,3.);
#35=CYLINDRICAL_SURFACE('',#1292,3.);
#36=CYLINDRICAL_SURFACE('',#1294,3.);
#37=CYLINDRICAL_SURFACE('',#1296,3.);
#38=CYLINDRICAL_SURFACE('',#1307,4.5);
#39=CYLINDRICAL_SURFACE('',#1309,4.5);
#40=CYLINDRICAL_SURFACE('',#1311,4.5);
#41=CYLINDRICAL_SURFACE('',#1313,4.5);
#42=CYLINDRICAL_SURFACE('',#1323,3.);
#43=CYLINDRICAL_SURFACE('',#1327,3.);
#44=CYLINDRICAL_SURFACE('',#1331,3.);
#45=CYLINDRICAL_SURFACE('',#1335,3.);
#46=CYLINDRICAL_SURFACE('',#1337,6.);
#47=CYLINDRICAL_SURFACE('',#1339,6.);
#48=CYLINDRICAL_SURFACE('',#1341,6.);
#49=CYLINDRICAL_SURFACE('',#1343,6.);
#50=CYLINDRICAL_SURFACE('',#1344,1.);
#51=CYLINDRICAL_SURFACE('',#1348,1.);
#52=CYLINDRICAL_SURFACE('',#1351,1.);
#53=CYLINDRICAL_SURFACE('',#1355,1.);
#54=CYLINDRICAL_SURFACE('',#1365,5.);
#55=CYLINDRICAL_SURFACE('',#1370,5.);
#56=CYLINDRICAL_SURFACE('',#1375,5.);
#57=CYLINDRICAL_SURFACE('',#1380,5.);
#58=CYLINDRICAL_SURFACE('',#1389,1.75);
#59=CYLINDRICAL_SURFACE('',#1392,1.75);
#60=CYLINDRICAL_SURFACE('',#1395,1.75);
#61=CYLINDRICAL_SURFACE('',#1398,1.75);
#62=ELLIPSE('',#1264,2.00548562763113,2.);
#63=ELLIPSE('',#1265,2.00548562763113,2.);
#64=ELLIPSE('',#1266,2.00548562763113,2.);
#65=ELLIPSE('',#1267,2.00548562763113,2.);
#66=ELLIPSE('',#1279,4.51234266217005,4.5);
#67=ELLIPSE('',#1280,4.51234266217005,4.5);
#68=ELLIPSE('',#1281,4.51234266217005,4.5);
#69=ELLIPSE('',#1282,4.51234266217005,4.5);
#70=ELLIPSE('',#1283,3.0082284414467,3.);
#71=ELLIPSE('',#1284,3.0082284414467,3.);
#72=ELLIPSE('',#1285,3.0082284414467,3.);
#73=ELLIPSE('',#1286,3.0082284414467,3.);
#74=ELLIPSE('',#1291,3.00365986800022,3.);
#75=ELLIPSE('',#1293,3.00365986800021,3.);
#76=ELLIPSE('',#1295,3.00365986800021,3.);
#77=ELLIPSE('',#1297,3.00365986800021,3.);
#78=ELLIPSE('',#1299,4.51234266217005,4.5);
#79=ELLIPSE('',#1300,4.51234266217005,4.5);
#80=ELLIPSE('',#1301,4.51234266217005,4.5);
#81=ELLIPSE('',#1302,4.51234266217005,4.5);
#82=ELLIPSE('',#1303,6.0164568828934,6.);
#83=ELLIPSE('',#1304,6.0164568828934,6.);
#84=ELLIPSE('',#1305,6.0164568828934,6.);
#85=ELLIPSE('',#1306,6.0164568828934,6.);
#86=ELLIPSE('',#1316,3.0082284414467,3.);
#87=ELLIPSE('',#1317,3.0082284414467,3.);
#88=ELLIPSE('',#1318,3.0082284414467,3.);
#89=ELLIPSE('',#1319,3.0082284414467,3.);
#90=ELLIPSE('',#1322,6.0041184495252,6.);
#91=ELLIPSE('',#1326,6.00411844952521,6.);
#92=ELLIPSE('',#1330,6.0041184495252,6.);
#93=ELLIPSE('',#1334,6.00411844952519,6.);
#94=LINE('',#1791,#188);
#95=LINE('',#1794,#189);
#96=LINE('',#1796,#190);
#97=LINE('',#1798,#191);
#98=LINE('',#1800,#192);
#99=LINE('',#1804,#193);
#100=LINE('',#1808,#194);
#101=LINE('',#1812,#195);
#102=LINE('',#1816,#196);
#103=LINE('',#1818,#197);
#104=LINE('',#1820,#198);
#105=LINE('',#1822,#199);
#106=LINE('',#1824,#200);
#107=LINE('',#1826,#201);
#108=LINE('',#1828,#202);
#109=LINE('',#1830,#203);
#110=LINE('',#1832,#204);
#111=LINE('',#1834,#205);
#112=LINE('',#1836,#206);
#113=LINE('',#1839,#207);
#114=LINE('',#1841,#208);
#115=LINE('',#1843,#209);
#116=LINE('',#1845,#210);
#117=LINE('',#1847,#211);
#118=LINE('',#1849,#212);
#119=LINE('',#1851,#213);
#120=LINE('',#1853,#214);
#121=LINE('',#1855,#215);
#122=LINE('',#1857,#216);
#123=LINE('',#1859,#217);
#124=LINE('',#1861,#218);
#125=LINE('',#1864,#219);
#126=LINE('',#1866,#220);
#127=LINE('',#1868,#221);
#128=LINE('',#1876,#222);
#129=LINE('',#1881,#223);
#130=LINE('',#1885,#224);
#131=LINE('',#1889,#225);
#132=LINE('',#1894,#226);
#133=LINE('',#1898,#227);
#134=LINE('',#1902,#228);
#135=LINE('',#1906,#229);
#136=LINE('',#1908,#230);
#137=LINE('',#1910,#231);
#138=LINE('',#1912,#232);
#139=LINE('',#1914,#233);
#140=LINE('',#1916,#234);
#141=LINE('',#1918,#235);
#142=LINE('',#1920,#236);
#143=LINE('',#1922,#237);
#144=LINE('',#1935,#238);
#145=LINE('',#1939,#239);
#146=LINE('',#1943,#240);
#147=LINE('',#1947,#241);
#148=LINE('',#1951,#242);
#149=LINE('',#1955,#243);
#150=LINE('',#1959,#244);
#151=LINE('',#1963,#245);
#152=LINE('',#1965,#246);
#153=LINE('',#1966,#247);
#154=LINE('',#1968,#248);
#155=LINE('',#1970,#249);
#156=LINE('',#1972,#250);
#157=LINE('',#1974,#251);
#158=LINE('',#1976,#252);
#159=LINE('',#1978,#253);
#160=LINE('',#1984,#254);
#161=LINE('',#1988,#255);
#162=LINE('',#1992,#256);
#163=LINE('',#1996,#257);
#164=LINE('',#2020,#258);
#165=LINE('',#2042,#259);
#166=LINE('',#2064,#260);
#167=LINE('',#2084,#261);
#168=LINE('',#2086,#262);
#169=LINE('',#2087,#263);
#170=LINE('',#2089,#264);
#171=LINE('',#2091,#265);
#172=LINE('',#2093,#266);
#173=LINE('',#2095,#267);
#174=LINE('',#2097,#268);
#175=LINE('',#2099,#269);
#176=LINE('',#2174,#270);
#177=LINE('',#2176,#271);
#178=LINE('',#2178,#272);
#179=LINE('',#2179,#273);
#180=LINE('',#2181,#274);
#181=LINE('',#2182,#275);
#182=LINE('',#2184,#276);
#183=LINE('',#2186,#277);
#184=LINE('',#2187,#278);
#185=LINE('',#2190,#279);
#186=LINE('',#2192,#280);
#187=LINE('',#2194,#281);
#188=VECTOR('',#1413,1000.);
#189=VECTOR('',#1414,1000.);
#190=VECTOR('',#1415,1000.);
#191=VECTOR('',#1416,1000.);
#192=VECTOR('',#1417,1000.);
#193=VECTOR('',#1420,1000.);
#194=VECTOR('',#1423,1000.);
#195=VECTOR('',#1426,1000.);
#196=VECTOR('',#1429,1000.);
#197=VECTOR('',#1430,1000.);
#198=VECTOR('',#1431,1000.);
#199=VECTOR('',#1432,1000.);
#200=VECTOR('',#1435,1000.);
#201=VECTOR('',#1436,1000.);
#202=VECTOR('',#1437,1000.);
#203=VECTOR('',#1440,1000.);
#204=VECTOR('',#1441,1000.);
#205=VECTOR('',#1442,1000.);
#206=VECTOR('',#1445,1000.);
#207=VECTOR('',#1446,1000.);
#208=VECTOR('',#1447,1000.);
#209=VECTOR('',#1448,1000.);
#210=VECTOR('',#1449,1000.);
#211=VECTOR('',#1450,1000.);
#212=VECTOR('',#1451,1000.);
#213=VECTOR('',#1452,1000.);
#214=VECTOR('',#1453,1000.);
#215=VECTOR('',#1454,1000.);
#216=VECTOR('',#1455,1000.);
#217=VECTOR('',#1456,1000.);
#218=VECTOR('',#1459,1000.);
#219=VECTOR('',#1460,1000.);
#220=VECTOR('',#1461,1000.);
#221=VECTOR('',#1462,1000.);
#222=VECTOR('',#1477,1000.);
#223=VECTOR('',#1480,1000.);
#224=VECTOR('',#1483,1000.);
#225=VECTOR('',#1486,1000.);
#226=VECTOR('',#1491,1000.);
#227=VECTOR('',#1494,1000.);
#228=VECTOR('',#1497,1000.);
#229=VECTOR('',#1502,1000.);
#230=VECTOR('',#1503,1000.);
#231=VECTOR('',#1504,1000.);
#232=VECTOR('',#1507,1000.);
#233=VECTOR('',#1508,1000.);
#234=VECTOR('',#1509,1000.);
#235=VECTOR('',#1512,1000.);
#236=VECTOR('',#1513,1000.);
#237=VECTOR('',#1514,1000.);
#238=VECTOR('',#1535,1000.);
#239=VECTOR('',#1538,1000.);
#240=VECTOR('',#1541,1000.);
#241=VECTOR('',#1544,1000.);
#242=VECTOR('',#1547,1000.);
#243=VECTOR('',#1550,1000.);
#244=VECTOR('',#1553,1000.);
#245=VECTOR('',#1556,1000.);
#246=VECTOR('',#1559,1000.);
#247=VECTOR('',#1560,1000.);
#248=VECTOR('',#1563,1000.);
#249=VECTOR('',#1566,1000.);
#250=VECTOR('',#1569,1000.);
#251=VECTOR('',#1572,1000.);
#252=VECTOR('',#1575,1000.);
#253=VECTOR('',#1578,1000.);
#254=VECTOR('',#1585,1000.);
#255=VECTOR('',#1588,1000.);
#256=VECTOR('',#1591,1000.);
#257=VECTOR('',#1594,1000.);
#258=VECTOR('',#1605,1000.);
#259=VECTOR('',#1614,1000.);
#260=VECTOR('',#1623,1000.);
#261=VECTOR('',#1630,1000.);
#262=VECTOR('',#1633,1000.);
#263=VECTOR('',#1634,1000.);
#264=VECTOR('',#1637,1000.);
#265=VECTOR('',#1640,1000.);
#266=VECTOR('',#1643,1000.);
#267=VECTOR('',#1646,1000.);
#268=VECTOR('',#1649,1000.);
#269=VECTOR('',#1652,1000.);
#270=VECTOR('',#1681,1000.);
#271=VECTOR('',#1682,1000.);
#272=VECTOR('',#1685,1000.);
#273=VECTOR('',#1686,1000.);
#274=VECTOR('',#1687,1000.);
#275=VECTOR('',#1688,1000.);
#276=VECTOR('',#1689,1000.);
#277=VECTOR('',#1690,1000.);
#278=VECTOR('',#1691,1000.);
#279=VECTOR('',#1696,1000.);
#280=VECTOR('',#1699,1000.);
#281=VECTOR('',#1702,1000.);
#282=ORIENTED_EDGE('',*,*,#614,.T.);
#283=ORIENTED_EDGE('',*,*,#615,.T.);
#284=ORIENTED_EDGE('',*,*,#616,.T.);
#285=ORIENTED_EDGE('',*,*,#617,.T.);
#286=ORIENTED_EDGE('',*,*,#618,.T.);
#287=ORIENTED_EDGE('',*,*,#619,.F.);
#288=ORIENTED_EDGE('',*,*,#620,.T.);
#289=ORIENTED_EDGE('',*,*,#621,.T.);
#290=ORIENTED_EDGE('',*,*,#622,.T.);
#291=ORIENTED_EDGE('',*,*,#623,.T.);
#292=ORIENTED_EDGE('',*,*,#624,.T.);
#293=ORIENTED_EDGE('',*,*,#625,.T.);
#294=ORIENTED_EDGE('',*,*,#626,.T.);
#295=ORIENTED_EDGE('',*,*,#627,.T.);
#296=ORIENTED_EDGE('',*,*,#628,.T.);
#297=ORIENTED_EDGE('',*,*,#629,.T.);
#298=ORIENTED_EDGE('',*,*,#630,.T.);
#299=ORIENTED_EDGE('',*,*,#631,.F.);
#300=ORIENTED_EDGE('',*,*,#632,.T.);
#301=ORIENTED_EDGE('',*,*,#633,.T.);
#302=ORIENTED_EDGE('',*,*,#619,.T.);
#303=ORIENTED_EDGE('',*,*,#634,.T.);
#304=ORIENTED_EDGE('',*,*,#635,.F.);
#305=ORIENTED_EDGE('',*,*,#636,.F.);
#306=ORIENTED_EDGE('',*,*,#637,.F.);
#307=ORIENTED_EDGE('',*,*,#633,.F.);
#308=ORIENTED_EDGE('',*,*,#638,.T.);
#309=ORIENTED_EDGE('',*,*,#639,.T.);
#310=ORIENTED_EDGE('',*,*,#640,.T.);
#311=ORIENTED_EDGE('',*,*,#641,.T.);
#312=ORIENTED_EDGE('',*,*,#642,.F.);
#313=ORIENTED_EDGE('',*,*,#643,.F.);
#314=ORIENTED_EDGE('',*,*,#644,.T.);
#315=ORIENTED_EDGE('',*,*,#645,.F.);
#316=ORIENTED_EDGE('',*,*,#646,.F.);
#317=ORIENTED_EDGE('',*,*,#647,.F.);
#318=ORIENTED_EDGE('',*,*,#648,.T.);
#319=ORIENTED_EDGE('',*,*,#649,.T.);
#320=ORIENTED_EDGE('',*,*,#650,.F.);
#321=ORIENTED_EDGE('',*,*,#651,.F.);
#322=ORIENTED_EDGE('',*,*,#652,.F.);
#323=ORIENTED_EDGE('',*,*,#653,.F.);
#324=ORIENTED_EDGE('',*,*,#654,.T.);
#325=ORIENTED_EDGE('',*,*,#655,.T.);
#326=ORIENTED_EDGE('',*,*,#656,.F.);
#327=ORIENTED_EDGE('',*,*,#640,.F.);
#328=ORIENTED_EDGE('',*,*,#657,.T.);
#329=ORIENTED_EDGE('',*,*,#655,.F.);
#330=ORIENTED_EDGE('',*,*,#658,.F.);
#331=ORIENTED_EDGE('',*,*,#648,.F.);
#332=ORIENTED_EDGE('',*,*,#659,.T.);
#333=ORIENTED_EDGE('',*,*,#622,.F.);
#334=ORIENTED_EDGE('',*,*,#660,.F.);
#335=ORIENTED_EDGE('',*,*,#661,.T.);
#336=ORIENTED_EDGE('',*,*,#662,.F.);
#337=ORIENTED_EDGE('',*,*,#663,.T.);
#338=ORIENTED_EDGE('',*,*,#664,.F.);
#339=ORIENTED_EDGE('',*,*,#665,.T.);
#340=ORIENTED_EDGE('',*,*,#666,.F.);
#341=ORIENTED_EDGE('',*,*,#667,.T.);
#342=ORIENTED_EDGE('',*,*,#668,.F.);
#343=ORIENTED_EDGE('',*,*,#669,.T.);
#344=ORIENTED_EDGE('',*,*,#670,.F.);
#345=ORIENTED_EDGE('',*,*,#671,.T.);
#346=ORIENTED_EDGE('',*,*,#672,.F.);
#347=ORIENTED_EDGE('',*,*,#673,.T.);
#348=ORIENTED_EDGE('',*,*,#674,.F.);
#349=ORIENTED_EDGE('',*,*,#646,.T.);
#350=ORIENTED_EDGE('',*,*,#675,.F.);
#351=ORIENTED_EDGE('',*,*,#676,.T.);
#352=ORIENTED_EDGE('',*,*,#677,.F.);
#353=ORIENTED_EDGE('',*,*,#669,.F.);
#354=ORIENTED_EDGE('',*,*,#678,.F.);
#355=ORIENTED_EDGE('',*,*,#679,.T.);
#356=ORIENTED_EDGE('',*,*,#680,.F.);
#357=ORIENTED_EDGE('',*,*,#671,.F.);
#358=ORIENTED_EDGE('',*,*,#681,.F.);
#359=ORIENTED_EDGE('',*,*,#682,.T.);
#360=ORIENTED_EDGE('',*,*,#683,.F.);
#361=ORIENTED_EDGE('',*,*,#673,.F.);
#362=ORIENTED_EDGE('',*,*,#683,.T.);
#363=ORIENTED_EDGE('',*,*,#684,.T.);
#364=ORIENTED_EDGE('',*,*,#647,.T.);
#365=ORIENTED_EDGE('',*,*,#674,.T.);
#366=ORIENTED_EDGE('',*,*,#680,.T.);
#367=ORIENTED_EDGE('',*,*,#685,.T.);
#368=ORIENTED_EDGE('',*,*,#681,.T.);
#369=ORIENTED_EDGE('',*,*,#672,.T.);
#370=ORIENTED_EDGE('',*,*,#677,.T.);
#371=ORIENTED_EDGE('',*,*,#686,.T.);
#372=ORIENTED_EDGE('',*,*,#678,.T.);
#373=ORIENTED_EDGE('',*,*,#670,.T.);
#374=ORIENTED_EDGE('',*,*,#645,.T.);
#375=ORIENTED_EDGE('',*,*,#687,.T.);
#376=ORIENTED_EDGE('',*,*,#675,.T.);
#377=ORIENTED_EDGE('',*,*,#668,.T.);
#378=ORIENTED_EDGE('',*,*,#688,.F.);
#379=ORIENTED_EDGE('',*,*,#689,.F.);
#380=ORIENTED_EDGE('',*,*,#690,.F.);
#381=ORIENTED_EDGE('',*,*,#691,.F.);
#382=ORIENTED_EDGE('',*,*,#692,.F.);
#383=ORIENTED_EDGE('',*,*,#693,.F.);
#384=ORIENTED_EDGE('',*,*,#694,.F.);
#385=ORIENTED_EDGE('',*,*,#695,.F.);
#386=ORIENTED_EDGE('',*,*,#696,.T.);
#387=ORIENTED_EDGE('',*,*,#697,.T.);
#388=ORIENTED_EDGE('',*,*,#698,.T.);
#389=ORIENTED_EDGE('',*,*,#699,.T.);
#390=ORIENTED_EDGE('',*,*,#700,.T.);
#391=ORIENTED_EDGE('',*,*,#701,.T.);
#392=ORIENTED_EDGE('',*,*,#702,.T.);
#393=ORIENTED_EDGE('',*,*,#703,.T.);
#394=ORIENTED_EDGE('',*,*,#704,.T.);
#395=ORIENTED_EDGE('',*,*,#694,.T.);
#396=ORIENTED_EDGE('',*,*,#705,.T.);
#397=ORIENTED_EDGE('',*,*,#661,.F.);
#398=ORIENTED_EDGE('',*,*,#705,.F.);
#399=ORIENTED_EDGE('',*,*,#693,.T.);
#400=ORIENTED_EDGE('',*,*,#706,.T.);
#401=ORIENTED_EDGE('',*,*,#662,.T.);
#402=ORIENTED_EDGE('',*,*,#706,.F.);
#403=ORIENTED_EDGE('',*,*,#692,.T.);
#404=ORIENTED_EDGE('',*,*,#707,.T.);
#405=ORIENTED_EDGE('',*,*,#663,.F.);
#406=ORIENTED_EDGE('',*,*,#707,.F.);
#407=ORIENTED_EDGE('',*,*,#691,.T.);
#408=ORIENTED_EDGE('',*,*,#708,.T.);
#409=ORIENTED_EDGE('',*,*,#664,.T.);
#410=ORIENTED_EDGE('',*,*,#708,.F.);
#411=ORIENTED_EDGE('',*,*,#690,.T.);
#412=ORIENTED_EDGE('',*,*,#709,.T.);
#413=ORIENTED_EDGE('',*,*,#665,.F.);
#414=ORIENTED_EDGE('',*,*,#709,.F.);
#415=ORIENTED_EDGE('',*,*,#689,.T.);
#416=ORIENTED_EDGE('',*,*,#710,.T.);
#417=ORIENTED_EDGE('',*,*,#666,.T.);
#418=ORIENTED_EDGE('',*,*,#710,.F.);
#419=ORIENTED_EDGE('',*,*,#688,.T.);
#420=ORIENTED_EDGE('',*,*,#711,.T.);
#421=ORIENTED_EDGE('',*,*,#667,.F.);
#422=ORIENTED_EDGE('',*,*,#711,.F.);
#423=ORIENTED_EDGE('',*,*,#695,.T.);
#424=ORIENTED_EDGE('',*,*,#704,.F.);
#425=ORIENTED_EDGE('',*,*,#660,.T.);
#426=ORIENTED_EDGE('',*,*,#712,.T.);
#427=ORIENTED_EDGE('',*,*,#713,.T.);
#428=ORIENTED_EDGE('',*,*,#714,.T.);
#429=ORIENTED_EDGE('',*,*,#715,.T.);
#430=ORIENTED_EDGE('',*,*,#716,.T.);
#431=ORIENTED_EDGE('',*,*,#717,.T.);
#432=ORIENTED_EDGE('',*,*,#718,.T.);
#433=ORIENTED_EDGE('',*,*,#719,.T.);
#434=ORIENTED_EDGE('',*,*,#720,.T.);
#435=ORIENTED_EDGE('',*,*,#714,.F.);
#436=ORIENTED_EDGE('',*,*,#721,.F.);
#437=ORIENTED_EDGE('',*,*,#722,.F.);
#438=ORIENTED_EDGE('',*,*,#723,.T.);
#439=ORIENTED_EDGE('',*,*,#724,.F.);
#440=ORIENTED_EDGE('',*,*,#721,.T.);
#441=ORIENTED_EDGE('',*,*,#713,.F.);
#442=ORIENTED_EDGE('',*,*,#725,.T.);
#443=ORIENTED_EDGE('',*,*,#726,.F.);
#444=ORIENTED_EDGE('',*,*,#723,.F.);
#445=ORIENTED_EDGE('',*,*,#712,.F.);
#446=ORIENTED_EDGE('',*,*,#727,.T.);
#447=ORIENTED_EDGE('',*,*,#728,.F.);
#448=ORIENTED_EDGE('',*,*,#725,.F.);
#449=ORIENTED_EDGE('',*,*,#719,.F.);
#450=ORIENTED_EDGE('',*,*,#729,.T.);
#451=ORIENTED_EDGE('',*,*,#730,.F.);
#452=ORIENTED_EDGE('',*,*,#727,.F.);
#453=ORIENTED_EDGE('',*,*,#718,.F.);
#454=ORIENTED_EDGE('',*,*,#731,.F.);
#455=ORIENTED_EDGE('',*,*,#732,.F.);
#456=ORIENTED_EDGE('',*,*,#729,.F.);
#457=ORIENTED_EDGE('',*,*,#717,.F.);
#458=ORIENTED_EDGE('',*,*,#731,.T.);
#459=ORIENTED_EDGE('',*,*,#716,.F.);
#460=ORIENTED_EDGE('',*,*,#733,.F.);
#461=ORIENTED_EDGE('',*,*,#734,.F.);
#462=ORIENTED_EDGE('',*,*,#733,.T.);
#463=ORIENTED_EDGE('',*,*,#715,.F.);
#464=ORIENTED_EDGE('',*,*,#720,.F.);
#465=ORIENTED_EDGE('',*,*,#735,.F.);
#466=ORIENTED_EDGE('',*,*,#703,.F.);
#467=ORIENTED_EDGE('',*,*,#736,.T.);
#468=ORIENTED_EDGE('',*,*,#735,.T.);
#469=ORIENTED_EDGE('',*,*,#737,.T.);
#470=ORIENTED_EDGE('',*,*,#702,.F.);
#471=ORIENTED_EDGE('',*,*,#738,.F.);
#472=ORIENTED_EDGE('',*,*,#734,.T.);
#473=ORIENTED_EDGE('',*,*,#736,.F.);
#474=ORIENTED_EDGE('',*,*,#701,.F.);
#475=ORIENTED_EDGE('',*,*,#739,.T.);
#476=ORIENTED_EDGE('',*,*,#732,.T.);
#477=ORIENTED_EDGE('',*,*,#738,.T.);
#478=ORIENTED_EDGE('',*,*,#700,.F.);
#479=ORIENTED_EDGE('',*,*,#740,.F.);
#480=ORIENTED_EDGE('',*,*,#730,.T.);
#481=ORIENTED_EDGE('',*,*,#739,.F.);
#482=ORIENTED_EDGE('',*,*,#699,.F.);
#483=ORIENTED_EDGE('',*,*,#741,.T.);
#484=ORIENTED_EDGE('',*,*,#728,.T.);
#485=ORIENTED_EDGE('',*,*,#740,.T.);
#486=ORIENTED_EDGE('',*,*,#698,.F.);
#487=ORIENTED_EDGE('',*,*,#742,.F.);
#488=ORIENTED_EDGE('',*,*,#726,.T.);
#489=ORIENTED_EDGE('',*,*,#741,.F.);
#490=ORIENTED_EDGE('',*,*,#697,.F.);
#491=ORIENTED_EDGE('',*,*,#743,.T.);
#492=ORIENTED_EDGE('',*,*,#724,.T.);
#493=ORIENTED_EDGE('',*,*,#742,.T.);
#494=ORIENTED_EDGE('',*,*,#696,.F.);
#495=ORIENTED_EDGE('',*,*,#737,.F.);
#496=ORIENTED_EDGE('',*,*,#722,.T.);
#497=ORIENTED_EDGE('',*,*,#743,.F.);
#498=ORIENTED_EDGE('',*,*,#744,.F.);
#499=ORIENTED_EDGE('',*,*,#624,.F.);
#500=ORIENTED_EDGE('',*,*,#745,.F.);
#501=ORIENTED_EDGE('',*,*,#682,.F.);
#502=ORIENTED_EDGE('',*,*,#745,.T.);
#503=ORIENTED_EDGE('',*,*,#623,.F.);
#504=ORIENTED_EDGE('',*,*,#659,.F.);
#505=ORIENTED_EDGE('',*,*,#684,.F.);
#506=ORIENTED_EDGE('',*,*,#744,.T.);
#507=ORIENTED_EDGE('',*,*,#685,.F.);
#508=ORIENTED_EDGE('',*,*,#746,.F.);
#509=ORIENTED_EDGE('',*,*,#625,.F.);
#510=ORIENTED_EDGE('',*,*,#644,.F.);
#511=ORIENTED_EDGE('',*,*,#747,.T.);
#512=ORIENTED_EDGE('',*,*,#630,.F.);
#513=ORIENTED_EDGE('',*,*,#748,.F.);
#514=ORIENTED_EDGE('',*,*,#746,.T.);
#515=ORIENTED_EDGE('',*,*,#679,.F.);
#516=ORIENTED_EDGE('',*,*,#749,.F.);
#517=ORIENTED_EDGE('',*,*,#626,.F.);
#518=ORIENTED_EDGE('',*,*,#748,.T.);
#519=ORIENTED_EDGE('',*,*,#629,.F.);
#520=ORIENTED_EDGE('',*,*,#750,.F.);
#521=ORIENTED_EDGE('',*,*,#687,.F.);
#522=ORIENTED_EDGE('',*,*,#749,.T.);
#523=ORIENTED_EDGE('',*,*,#686,.F.);
#524=ORIENTED_EDGE('',*,*,#751,.F.);
#525=ORIENTED_EDGE('',*,*,#627,.F.);
#526=ORIENTED_EDGE('',*,*,#750,.T.);
#527=ORIENTED_EDGE('',*,*,#628,.F.);
#528=ORIENTED_EDGE('',*,*,#751,.T.);
#529=ORIENTED_EDGE('',*,*,#676,.F.);
#530=ORIENTED_EDGE('',*,*,#620,.F.);
#531=ORIENTED_EDGE('',*,*,#636,.T.);
#532=ORIENTED_EDGE('',*,*,#752,.T.);
#533=ORIENTED_EDGE('',*,*,#753,.F.);
#534=ORIENTED_EDGE('',*,*,#635,.T.);
#535=ORIENTED_EDGE('',*,*,#754,.F.);
#536=ORIENTED_EDGE('',*,*,#639,.F.);
#537=ORIENTED_EDGE('',*,*,#755,.F.);
#538=ORIENTED_EDGE('',*,*,#756,.T.);
#539=ORIENTED_EDGE('',*,*,#642,.T.);
#540=ORIENTED_EDGE('',*,*,#757,.F.);
#541=ORIENTED_EDGE('',*,*,#758,.T.);
#542=ORIENTED_EDGE('',*,*,#759,.T.);
#543=ORIENTED_EDGE('',*,*,#650,.T.);
#544=ORIENTED_EDGE('',*,*,#760,.F.);
#545=ORIENTED_EDGE('',*,*,#752,.F.);
#546=ORIENTED_EDGE('',*,*,#649,.F.);
#547=ORIENTED_EDGE('',*,*,#658,.T.);
#548=ORIENTED_EDGE('',*,*,#621,.F.);
#549=ORIENTED_EDGE('',*,*,#753,.T.);
#550=ORIENTED_EDGE('',*,*,#760,.T.);
#551=ORIENTED_EDGE('',*,*,#761,.F.);
#552=ORIENTED_EDGE('',*,*,#652,.T.);
#553=ORIENTED_EDGE('',*,*,#657,.F.);
#554=ORIENTED_EDGE('',*,*,#651,.T.);
#555=ORIENTED_EDGE('',*,*,#759,.F.);
#556=ORIENTED_EDGE('',*,*,#632,.F.);
#557=ORIENTED_EDGE('',*,*,#762,.T.);
#558=ORIENTED_EDGE('',*,*,#755,.T.);
#559=ORIENTED_EDGE('',*,*,#638,.F.);
#560=ORIENTED_EDGE('',*,*,#654,.F.);
#561=ORIENTED_EDGE('',*,*,#763,.T.);
#562=ORIENTED_EDGE('',*,*,#757,.T.);
#563=ORIENTED_EDGE('',*,*,#641,.F.);
#564=ORIENTED_EDGE('',*,*,#656,.T.);
#565=ORIENTED_EDGE('',*,*,#747,.F.);
#566=ORIENTED_EDGE('',*,*,#643,.T.);
#567=ORIENTED_EDGE('',*,*,#756,.F.);
#568=ORIENTED_EDGE('',*,*,#762,.F.);
#569=ORIENTED_EDGE('',*,*,#631,.T.);
#570=ORIENTED_EDGE('',*,*,#634,.F.);
#571=ORIENTED_EDGE('',*,*,#618,.F.);
#572=ORIENTED_EDGE('',*,*,#637,.T.);
#573=ORIENTED_EDGE('',*,*,#754,.T.);
#574=ORIENTED_EDGE('',*,*,#653,.T.);
#575=ORIENTED_EDGE('',*,*,#761,.T.);
#576=ORIENTED_EDGE('',*,*,#758,.F.);
#577=ORIENTED_EDGE('',*,*,#763,.F.);
#578=ORIENTED_EDGE('',*,*,#764,.T.);
#579=ORIENTED_EDGE('',*,*,#765,.T.);
#580=ORIENTED_EDGE('',*,*,#766,.T.);
#581=ORIENTED_EDGE('',*,*,#765,.F.);
#582=ORIENTED_EDGE('',*,*,#767,.T.);
#583=ORIENTED_EDGE('',*,*,#768,.T.);
#584=ORIENTED_EDGE('',*,*,#769,.T.);
#585=ORIENTED_EDGE('',*,*,#768,.F.);
#586=ORIENTED_EDGE('',*,*,#770,.T.);
#587=ORIENTED_EDGE('',*,*,#771,.T.);
#588=ORIENTED_EDGE('',*,*,#772,.T.);
#589=ORIENTED_EDGE('',*,*,#771,.F.);
#590=ORIENTED_EDGE('',*,*,#773,.T.);
#591=ORIENTED_EDGE('',*,*,#774,.T.);
#592=ORIENTED_EDGE('',*,*,#775,.T.);
#593=ORIENTED_EDGE('',*,*,#774,.F.);
#594=ORIENTED_EDGE('',*,*,#617,.F.);
#595=ORIENTED_EDGE('',*,*,#770,.F.);
#596=ORIENTED_EDGE('',*,*,#616,.F.);
#597=ORIENTED_EDGE('',*,*,#764,.F.);
#598=ORIENTED_EDGE('',*,*,#615,.F.);
#599=ORIENTED_EDGE('',*,*,#767,.F.);
#600=ORIENTED_EDGE('',*,*,#614,.F.);
#601=ORIENTED_EDGE('',*,*,#773,.F.);
#602=ORIENTED_EDGE('',*,*,#776,.T.);
#603=ORIENTED_EDGE('',*,*,#772,.F.);
#604=ORIENTED_EDGE('',*,*,#776,.F.);
#605=ORIENTED_EDGE('',*,*,#777,.T.);
#606=ORIENTED_EDGE('',*,*,#775,.F.);
#607=ORIENTED_EDGE('',*,*,#777,.F.);
#608=ORIENTED_EDGE('',*,*,#778,.T.);
#609=ORIENTED_EDGE('',*,*,#766,.F.);
#610=ORIENTED_EDGE('',*,*,#778,.F.);
#611=ORIENTED_EDGE('',*,*,#779,.T.);
#612=ORIENTED_EDGE('',*,*,#769,.F.);
#613=ORIENTED_EDGE('',*,*,#779,.F.);
#614=EDGE_CURVE('',#780,#780,#892,.T.);
#615=EDGE_CURVE('',#781,#781,#893,.T.);
#616=EDGE_CURVE('',#782,#782,#894,.T.);
#617=EDGE_CURVE('',#783,#783,#895,.T.);
#618=EDGE_CURVE('',#784,#785,#94,.T.);
#619=EDGE_CURVE('',#786,#785,#95,.T.);
#620=EDGE_CURVE('',#786,#787,#96,.T.);
#621=EDGE_CURVE('',#787,#788,#97,.T.);
#622=EDGE_CURVE('',#788,#789,#98,.T.);
#623=EDGE_CURVE('',#789,#790,#62,.F.);
#624=EDGE_CURVE('',#790,#791,#99,.T.);
#625=EDGE_CURVE('',#791,#792,#63,.F.);
#626=EDGE_CURVE('',#792,#793,#100,.T.);
#627=EDGE_CURVE('',#793,#794,#64,.F.);
#628=EDGE_CURVE('',#794,#795,#101,.T.);
#629=EDGE_CURVE('',#795,#796,#65,.F.);
#630=EDGE_CURVE('',#796,#797,#102,.T.);
#631=EDGE_CURVE('',#798,#797,#103,.T.);
#632=EDGE_CURVE('',#798,#799,#104,.T.);
#633=EDGE_CURVE('',#799,#784,#105,.T.);
#634=EDGE_CURVE('',#785,#800,#106,.T.);
#635=EDGE_CURVE('',#801,#800,#107,.T.);
#636=EDGE_CURVE('',#786,#801,#108,.T.);
#637=EDGE_CURVE('',#784,#802,#109,.T.);
#638=EDGE_CURVE('',#799,#803,#110,.T.);
#639=EDGE_CURVE('',#803,#802,#111,.T.);
#640=EDGE_CURVE('',#804,#805,#112,.T.);
#641=EDGE_CURVE('',#805,#806,#113,.F.);
#642=EDGE_CURVE('',#807,#806,#114,.T.);
#643=EDGE_CURVE('',#808,#807,#115,.F.);
#644=EDGE_CURVE('',#808,#809,#116,.T.);
#645=EDGE_CURVE('',#810,#809,#117,.T.);
#646=EDGE_CURVE('',#811,#810,#118,.F.);
#647=EDGE_CURVE('',#812,#811,#119,.F.);
#648=EDGE_CURVE('',#812,#813,#120,.T.);
#649=EDGE_CURVE('',#813,#814,#121,.F.);
#650=EDGE_CURVE('',#815,#814,#122,.T.);
#651=EDGE_CURVE('',#804,#815,#123,.F.);
#652=EDGE_CURVE('',#816,#817,#124,.T.);
#653=EDGE_CURVE('',#818,#816,#125,.T.);
#654=EDGE_CURVE('',#818,#819,#126,.T.);
#655=EDGE_CURVE('',#819,#817,#127,.T.);
#656=EDGE_CURVE('',#805,#819,#896,.F.);
#657=EDGE_CURVE('',#804,#817,#897,.F.);
#658=EDGE_CURVE('',#813,#788,#898,.F.);
#659=EDGE_CURVE('',#812,#789,#899,.T.);
#660=EDGE_CURVE('',#820,#821,#128,.F.);
#661=EDGE_CURVE('',#820,#822,#66,.T.);
#662=EDGE_CURVE('',#823,#822,#129,.F.);
#663=EDGE_CURVE('',#823,#824,#67,.T.);
#664=EDGE_CURVE('',#825,#824,#130,.F.);
#665=EDGE_CURVE('',#825,#826,#68,.T.);
#666=EDGE_CURVE('',#827,#826,#131,.F.);
#667=EDGE_CURVE('',#827,#821,#69,.T.);
#668=EDGE_CURVE('',#828,#810,#70,.F.);
#669=EDGE_CURVE('',#828,#829,#132,.F.);
#670=EDGE_CURVE('',#830,#829,#71,.F.);
#671=EDGE_CURVE('',#830,#831,#133,.F.);
#672=EDGE_CURVE('',#832,#831,#72,.F.);
#673=EDGE_CURVE('',#832,#833,#134,.F.);
#674=EDGE_CURVE('',#811,#833,#73,.F.);
#675=EDGE_CURVE('',#834,#828,#135,.F.);
#676=EDGE_CURVE('',#834,#835,#136,.T.);
#677=EDGE_CURVE('',#829,#835,#137,.T.);
#678=EDGE_CURVE('',#836,#830,#138,.F.);
#679=EDGE_CURVE('',#836,#837,#139,.T.);
#680=EDGE_CURVE('',#831,#837,#140,.T.);
#681=EDGE_CURVE('',#838,#832,#141,.F.);
#682=EDGE_CURVE('',#838,#839,#142,.T.);
#683=EDGE_CURVE('',#833,#839,#143,.T.);
#684=EDGE_CURVE('',#839,#812,#74,.F.);
#685=EDGE_CURVE('',#837,#838,#75,.F.);
#686=EDGE_CURVE('',#835,#836,#76,.F.);
#687=EDGE_CURVE('',#809,#834,#77,.F.);
#688=EDGE_CURVE('',#840,#841,#78,.F.);
#689=EDGE_CURVE('',#842,#840,#144,.F.);
#690=EDGE_CURVE('',#843,#842,#79,.F.);
#691=EDGE_CURVE('',#844,#843,#145,.F.);
#692=EDGE_CURVE('',#845,#844,#80,.F.);
#693=EDGE_CURVE('',#846,#845,#146,.F.);
#694=EDGE_CURVE('',#847,#846,#81,.F.);
#695=EDGE_CURVE('',#841,#847,#147,.F.);
#696=EDGE_CURVE('',#848,#849,#82,.F.);
#697=EDGE_CURVE('',#849,#850,#148,.F.);
#698=EDGE_CURVE('',#850,#851,#83,.F.);
#699=EDGE_CURVE('',#851,#852,#149,.F.);
#700=EDGE_CURVE('',#852,#853,#84,.F.);
#701=EDGE_CURVE('',#853,#854,#150,.F.);
#702=EDGE_CURVE('',#854,#855,#85,.F.);
#703=EDGE_CURVE('',#855,#848,#151,.F.);
#704=EDGE_CURVE('',#820,#847,#152,.F.);
#705=EDGE_CURVE('',#846,#822,#153,.T.);
#706=EDGE_CURVE('',#845,#823,#154,.F.);
#707=EDGE_CURVE('',#844,#824,#155,.T.);
#708=EDGE_CURVE('',#843,#825,#156,.F.);
#709=EDGE_CURVE('',#842,#826,#157,.T.);
#710=EDGE_CURVE('',#840,#827,#158,.F.);
#711=EDGE_CURVE('',#841,#821,#159,.T.);
#712=EDGE_CURVE('',#856,#857,#86,.T.);
#713=EDGE_CURVE('',#857,#858,#160,.F.);
#714=EDGE_CURVE('',#858,#859,#87,.T.);
#715=EDGE_CURVE('',#859,#860,#161,.F.);
#716=EDGE_CURVE('',#860,#861,#88,.T.);
#717=EDGE_CURVE('',#861,#862,#162,.F.);
#718=EDGE_CURVE('',#862,#863,#89,.T.);
#719=EDGE_CURVE('',#863,#856,#163,.F.);
#720=EDGE_CURVE('',#864,#859,#900,.T.);
#721=EDGE_CURVE('',#865,#858,#901,.T.);
#722=EDGE_CURVE('',#864,#865,#90,.T.);
#723=EDGE_CURVE('',#857,#866,#902,.T.);
#724=EDGE_CURVE('',#865,#866,#164,.F.);
#725=EDGE_CURVE('',#856,#867,#903,.T.);
#726=EDGE_CURVE('',#866,#867,#91,.T.);
#727=EDGE_CURVE('',#863,#868,#904,.T.);
#728=EDGE_CURVE('',#867,#868,#165,.F.);
#729=EDGE_CURVE('',#862,#869,#905,.T.);
#730=EDGE_CURVE('',#868,#869,#92,.T.);
#731=EDGE_CURVE('',#870,#861,#906,.T.);
#732=EDGE_CURVE('',#869,#870,#166,.F.);
#733=EDGE_CURVE('',#871,#860,#907,.T.);
#734=EDGE_CURVE('',#870,#871,#93,.T.);
#735=EDGE_CURVE('',#871,#864,#167,.F.);
#736=EDGE_CURVE('',#855,#871,#168,.F.);
#737=EDGE_CURVE('',#864,#848,#169,.T.);
#738=EDGE_CURVE('',#870,#854,#170,.T.);
#739=EDGE_CURVE('',#853,#869,#171,.F.);
#740=EDGE_CURVE('',#868,#852,#172,.T.);
#741=EDGE_CURVE('',#851,#867,#173,.F.);
#742=EDGE_CURVE('',#866,#850,#174,.T.);
#743=EDGE_CURVE('',#849,#865,#175,.F.);
#744=EDGE_CURVE('',#791,#838,#908,.T.);
#745=EDGE_CURVE('',#839,#790,#909,.T.);
#746=EDGE_CURVE('',#792,#837,#910,.T.);
#747=EDGE_CURVE('',#808,#797,#911,.F.);
#748=EDGE_CURVE('',#809,#796,#912,.T.);
#749=EDGE_CURVE('',#793,#836,#913,.T.);
#750=EDGE_CURVE('',#834,#795,#914,.T.);
#751=EDGE_CURVE('',#794,#835,#915,.T.);
#752=EDGE_CURVE('',#801,#872,#176,.T.);
#753=EDGE_CURVE('',#787,#872,#177,.T.);
#754=EDGE_CURVE('',#802,#800,#178,.T.);
#755=EDGE_CURVE('',#873,#803,#179,.T.);
#756=EDGE_CURVE('',#873,#807,#180,.T.);
#757=EDGE_CURVE('',#874,#806,#181,.T.);
#758=EDGE_CURVE('',#874,#875,#182,.T.);
#759=EDGE_CURVE('',#875,#815,#183,.T.);
#760=EDGE_CURVE('',#872,#814,#184,.T.);
#761=EDGE_CURVE('',#816,#875,#185,.T.);
#762=EDGE_CURVE('',#798,#873,#186,.T.);
#763=EDGE_CURVE('',#818,#874,#187,.T.);
#764=EDGE_CURVE('',#876,#876,#916,.F.);
#765=EDGE_CURVE('',#877,#877,#917,.T.);
#766=EDGE_CURVE('',#878,#878,#918,.T.);
#767=EDGE_CURVE('',#879,#879,#919,.F.);
#768=EDGE_CURVE('',#880,#880,#920,.T.);
#769=EDGE_CURVE('',#881,#881,#921,.T.);
#770=EDGE_CURVE('',#882,#882,#922,.F.);
#771=EDGE_CURVE('',#883,#883,#923,.T.);
#772=EDGE_CURVE('',#884,#884,#924,.T.);
#773=EDGE_CURVE('',#885,#885,#925,.F.);
#774=EDGE_CURVE('',#886,#886,#926,.T.);
#775=EDGE_CURVE('',#887,#887,#927,.T.);
#776=EDGE_CURVE('',#888,#888,#928,.T.);
#777=EDGE_CURVE('',#889,#889,#929,.T.);
#778=EDGE_CURVE('',#890,#890,#930,.T.);
#779=EDGE_CURVE('',#891,#891,#931,.T.);
#780=VERTEX_POINT('',#1784);
#781=VERTEX_POINT('',#1786);
#782=VERTEX_POINT('',#1788);
#783=VERTEX_POINT('',#1790);
#784=VERTEX_POINT('',#1792);
#785=VERTEX_POINT('',#1793);
#786=VERTEX_POINT('',#1795);
#787=VERTEX_POINT('',#1797);
#788=VERTEX_POINT('',#1799);
#789=VERTEX_POINT('',#1801);
#790=VERTEX_POINT('',#1803);
#791=VERTEX_POINT('',#1805);
#792=VERTEX_POINT('',#1807);
#793=VERTEX_POINT('',#1809);
#794=VERTEX_POINT('',#1811);
#795=VERTEX_POINT('',#1813);
#796=VERTEX_POINT('',#1815);
#797=VERTEX_POINT('',#1817);
#798=VERTEX_POINT('',#1819);
#799=VERTEX_POINT('',#1821);
#800=VERTEX_POINT('',#1825);
#801=VERTEX_POINT('',#1827);
#802=VERTEX_POINT('',#1831);
#803=VERTEX_POINT('',#1833);
#804=VERTEX_POINT('',#1837);
#805=VERTEX_POINT('',#1838);
#806=VERTEX_POINT('',#1840);
#807=VERTEX_POINT('',#1842);
#808=VERTEX_POINT('',#1844);
#809=VERTEX_POINT('',#1846);
#810=VERTEX_POINT('',#1848);
#811=VERTEX_POINT('',#1850);
#812=VERTEX_POINT('',#1852);
#813=VERTEX_POINT('',#1854);
#814=VERTEX_POINT('',#1856);
#815=VERTEX_POINT('',#1858);
#816=VERTEX_POINT('',#1862);
#817=VERTEX_POINT('',#1863);
#818=VERTEX_POINT('',#1865);
#819=VERTEX_POINT('',#1867);
#820=VERTEX_POINT('',#1877);
#821=VERTEX_POINT('',#1878);
#822=VERTEX_POINT('',#1880);
#823=VERTEX_POINT('',#1882);
#824=VERTEX_POINT('',#1884);
#825=VERTEX_POINT('',#1886);
#826=VERTEX_POINT('',#1888);
#827=VERTEX_POINT('',#1890);
#828=VERTEX_POINT('',#1893);
#829=VERTEX_POINT('',#1895);
#830=VERTEX_POINT('',#1897);
#831=VERTEX_POINT('',#1899);
#832=VERTEX_POINT('',#1901);
#833=VERTEX_POINT('',#1903);
#834=VERTEX_POINT('',#1907);
#835=VERTEX_POINT('',#1909);
#836=VERTEX_POINT('',#1913);
#837=VERTEX_POINT('',#1915);
#838=VERTEX_POINT('',#1919);
#839=VERTEX_POINT('',#1921);
#840=VERTEX_POINT('',#1933);
#841=VERTEX_POINT('',#1934);
#842=VERTEX_POINT('',#1936);
#843=VERTEX_POINT('',#1938);
#844=VERTEX_POINT('',#1940);
#845=VERTEX_POINT('',#1942);
#846=VERTEX_POINT('',#1944);
#847=VERTEX_POINT('',#1946);
#848=VERTEX_POINT('',#1949);
#849=VERTEX_POINT('',#1950);
#850=VERTEX_POINT('',#1952);
#851=VERTEX_POINT('',#1954);
#852=VERTEX_POINT('',#1956);
#853=VERTEX_POINT('',#1958);
#854=VERTEX_POINT('',#1960);
#855=VERTEX_POINT('',#1962);
#856=VERTEX_POINT('',#1982);
#857=VERTEX_POINT('',#1983);
#858=VERTEX_POINT('',#1985);
#859=VERTEX_POINT('',#1987);
#860=VERTEX_POINT('',#1989);
#861=VERTEX_POINT('',#1991);
#862=VERTEX_POINT('',#1993);
#863=VERTEX_POINT('',#1995);
#864=VERTEX_POINT('',#2013);
#865=VERTEX_POINT('',#2015);
#866=VERTEX_POINT('',#2019);
#867=VERTEX_POINT('',#2037);
#868=VERTEX_POINT('',#2041);
#869=VERTEX_POINT('',#2059);
#870=VERTEX_POINT('',#2063);
#871=VERTEX_POINT('',#2081);
#872=VERTEX_POINT('',#2175);
#873=VERTEX_POINT('',#2180);
#874=VERTEX_POINT('',#2183);
#875=VERTEX_POINT('',#2185);
#876=VERTEX_POINT('',#2200);
#877=VERTEX_POINT('',#2202);
#878=VERTEX_POINT('',#2205);
#879=VERTEX_POINT('',#2208);
#880=VERTEX_POINT('',#2210);
#881=VERTEX_POINT('',#2213);
#882=VERTEX_POINT('',#2216);
#883=VERTEX_POINT('',#2218);
#884=VERTEX_POINT('',#2221);
#885=VERTEX_POINT('',#2224);
#886=VERTEX_POINT('',#2226);
#887=VERTEX_POINT('',#2229);
#888=VERTEX_POINT('',#2236);
#889=VERTEX_POINT('',#2240);
#890=VERTEX_POINT('',#2244);
#891=VERTEX_POINT('',#2248);
#892=CIRCLE('',#1260,7.);
#893=CIRCLE('',#1261,7.);
#894=CIRCLE('',#1262,6.99999999999999);
#895=CIRCLE('',#1263,7.);
#896=CIRCLE('',#1273,1.);
#897=CIRCLE('',#1274,1.);
#898=CIRCLE('',#1276,1.);
#899=CIRCLE('',#1277,1.);
#900=CIRCLE('',#1320,3.);
#901=CIRCLE('',#1321,3.);
#902=CIRCLE('',#1324,3.);
#903=CIRCLE('',#1325,3.);
#904=CIRCLE('',#1328,3.);
#905=CIRCLE('',#1329,3.);
#906=CIRCLE('',#1332,3.);
#907=CIRCLE('',#1333,3.);
#908=CIRCLE('',#1345,1.);
#909=CIRCLE('',#1346,1.);
#910=CIRCLE('',#1347,1.);
#911=CIRCLE('',#1349,1.);
#912=CIRCLE('',#1350,1.);
#913=CIRCLE('',#1352,1.);
#914=CIRCLE('',#1353,1.);
#915=CIRCLE('',#1354,1.);
#916=CIRCLE('',#1366,5.);
#917=CIRCLE('',#1367,5.);
#918=CIRCLE('',#1369,1.75);
#919=CIRCLE('',#1371,5.);
#920=CIRCLE('',#1372,5.);
#921=CIRCLE('',#1374,1.75);
#922=CIRCLE('',#1376,5.);
#923=CIRCLE('',#1377,5.);
#924=CIRCLE('',#1379,1.75);
#925=CIRCLE('',#1381,5.);
#926=CIRCLE('',#1382,5.);
#927=CIRCLE('',#1384,1.75);
#928=CIRCLE('',#1390,1.75);
#929=CIRCLE('',#1393,1.75);
#930=CIRCLE('',#1396,1.75);
#931=CIRCLE('',#1399,1.75);
#932=EDGE_LOOP('',(#282));
#933=EDGE_LOOP('',(#283));
#934=EDGE_LOOP('',(#284));
#935=EDGE_LOOP('',(#285));
#936=EDGE_LOOP('',(#286,#287,#288,#289,#290,#291,#292,#293,#294,#295,#296,
#297,#298,#299,#300,#301));
#937=EDGE_LOOP('',(#302,#303,#304,#305));
#938=EDGE_LOOP('',(#306,#307,#308,#309));
#939=EDGE_LOOP('',(#310,#311,#312,#313,#314,#315,#316,#317,#318,#319,#320,
#321));
#940=EDGE_LOOP('',(#322,#323,#324,#325));
#941=EDGE_LOOP('',(#326,#327,#328,#329));
#942=EDGE_LOOP('',(#330,#331,#332,#333));
#943=EDGE_LOOP('',(#334,#335,#336,#337,#338,#339,#340,#341));
#944=EDGE_LOOP('',(#342,#343,#344,#345,#346,#347,#348,#349));
#945=EDGE_LOOP('',(#350,#351,#352,#353));
#946=EDGE_LOOP('',(#354,#355,#356,#357));
#947=EDGE_LOOP('',(#358,#359,#360,#361));
#948=EDGE_LOOP('',(#362,#363,#364,#365));
#949=EDGE_LOOP('',(#366,#367,#368,#369));
#950=EDGE_LOOP('',(#370,#371,#372,#373));
#951=EDGE_LOOP('',(#374,#375,#376,#377));
#952=EDGE_LOOP('',(#378,#379,#380,#381,#382,#383,#384,#385));
#953=EDGE_LOOP('',(#386,#387,#388,#389,#390,#391,#392,#393));
#954=EDGE_LOOP('',(#394,#395,#396,#397));
#955=EDGE_LOOP('',(#398,#399,#400,#401));
#956=EDGE_LOOP('',(#402,#403,#404,#405));
#957=EDGE_LOOP('',(#406,#407,#408,#409));
#958=EDGE_LOOP('',(#410,#411,#412,#413));
#959=EDGE_LOOP('',(#414,#415,#416,#417));
#960=EDGE_LOOP('',(#418,#419,#420,#421));
#961=EDGE_LOOP('',(#422,#423,#424,#425));
#962=EDGE_LOOP('',(#426,#427,#428,#429,#430,#431,#432,#433));
#963=EDGE_LOOP('',(#434,#435,#436,#437));
#964=EDGE_LOOP('',(#438,#439,#440,#441));
#965=EDGE_LOOP('',(#442,#443,#444,#445));
#966=EDGE_LOOP('',(#446,#447,#448,#449));
#967=EDGE_LOOP('',(#450,#451,#452,#453));
#968=EDGE_LOOP('',(#454,#455,#456,#457));
#969=EDGE_LOOP('',(#458,#459,#460,#461));
#970=EDGE_LOOP('',(#462,#463,#464,#465));
#971=EDGE_LOOP('',(#466,#467,#468,#469));
#972=EDGE_LOOP('',(#470,#471,#472,#473));
#973=EDGE_LOOP('',(#474,#475,#476,#477));
#974=EDGE_LOOP('',(#478,#479,#480,#481));
#975=EDGE_LOOP('',(#482,#483,#484,#485));
#976=EDGE_LOOP('',(#486,#487,#488,#489));
#977=EDGE_LOOP('',(#490,#491,#492,#493));
#978=EDGE_LOOP('',(#494,#495,#496,#497));
#979=EDGE_LOOP('',(#498,#499,#500,#501));
#980=EDGE_LOOP('',(#502,#503,#504,#505));
#981=EDGE_LOOP('',(#506,#507,#508,#509));
#982=EDGE_LOOP('',(#510,#511,#512,#513));
#983=EDGE_LOOP('',(#514,#515,#516,#517));
#984=EDGE_LOOP('',(#518,#519,#520,#521));
#985=EDGE_LOOP('',(#522,#523,#524,#525));
#986=EDGE_LOOP('',(#526,#527,#528,#529));
#987=EDGE_LOOP('',(#530,#531,#532,#533));
#988=EDGE_LOOP('',(#534,#535,#536,#537,#538,#539,#540,#541,#542,#543,#544,
#545));
#989=EDGE_LOOP('',(#546,#547,#548,#549,#550));
#990=EDGE_LOOP('',(#551,#552,#553,#554,#555));
#991=EDGE_LOOP('',(#556,#557,#558,#559));
#992=EDGE_LOOP('',(#560,#561,#562,#563,#564));
#993=EDGE_LOOP('',(#565,#566,#567,#568,#569));
#994=EDGE_LOOP('',(#570,#571,#572,#573));
#995=EDGE_LOOP('',(#574,#575,#576,#577));
#996=EDGE_LOOP('',(#578));
#997=EDGE_LOOP('',(#579));
#998=EDGE_LOOP('',(#580));
#999=EDGE_LOOP('',(#581));
#1000=EDGE_LOOP('',(#582));
#1001=EDGE_LOOP('',(#583));
#1002=EDGE_LOOP('',(#584));
#1003=EDGE_LOOP('',(#585));
#1004=EDGE_LOOP('',(#586));
#1005=EDGE_LOOP('',(#587));
#1006=EDGE_LOOP('',(#588));
#1007=EDGE_LOOP('',(#589));
#1008=EDGE_LOOP('',(#590));
#1009=EDGE_LOOP('',(#591));
#1010=EDGE_LOOP('',(#592));
#1011=EDGE_LOOP('',(#593));
#1012=EDGE_LOOP('',(#594));
#1013=EDGE_LOOP('',(#595));
#1014=EDGE_LOOP('',(#596));
#1015=EDGE_LOOP('',(#597));
#1016=EDGE_LOOP('',(#598));
#1017=EDGE_LOOP('',(#599));
#1018=EDGE_LOOP('',(#600));
#1019=EDGE_LOOP('',(#601));
#1020=EDGE_LOOP('',(#602));
#1021=EDGE_LOOP('',(#603));
#1022=EDGE_LOOP('',(#604));
#1023=EDGE_LOOP('',(#605));
#1024=EDGE_LOOP('',(#606));
#1025=EDGE_LOOP('',(#607));
#1026=EDGE_LOOP('',(#608));
#1027=EDGE_LOOP('',(#609));
#1028=EDGE_LOOP('',(#610));
#1029=EDGE_LOOP('',(#611));
#1030=EDGE_LOOP('',(#612));
#1031=EDGE_LOOP('',(#613));
#1032=FACE_BOUND('',#932,.T.);
#1033=FACE_BOUND('',#933,.T.);
#1034=FACE_BOUND('',#934,.T.);
#1035=FACE_BOUND('',#935,.T.);
#1036=FACE_BOUND('',#936,.T.);
#1037=FACE_BOUND('',#937,.T.);
#1038=FACE_BOUND('',#938,.T.);
#1039=FACE_BOUND('',#939,.T.);
#1040=FACE_BOUND('',#940,.T.);
#1041=FACE_BOUND('',#941,.T.);
#1042=FACE_BOUND('',#942,.T.);
#1043=FACE_BOUND('',#943,.T.);
#1044=FACE_BOUND('',#944,.T.);
#1045=FACE_BOUND('',#945,.T.);
#1046=FACE_BOUND('',#946,.T.);
#1047=FACE_BOUND('',#947,.T.);
#1048=FACE_BOUND('',#948,.T.);
#1049=FACE_BOUND('',#949,.T.);
#1050=FACE_BOUND('',#950,.T.);
#1051=FACE_BOUND('',#951,.T.);
#1052=FACE_BOUND('',#952,.T.);
#1053=FACE_BOUND('',#953,.T.);
#1054=FACE_BOUND('',#954,.T.);
#1055=FACE_BOUND('',#955,.T.);
#1056=FACE_BOUND('',#956,.T.);
#1057=FACE_BOUND('',#957,.T.);
#1058=FACE_BOUND('',#958,.T.);
#1059=FACE_BOUND('',#959,.T.);
#1060=FACE_BOUND('',#960,.T.);
#1061=FACE_BOUND('',#961,.T.);
#1062=FACE_BOUND('',#962,.T.);
#1063=FACE_BOUND('',#963,.T.);
#1064=FACE_BOUND('',#964,.T.);
#1065=FACE_BOUND('',#965,.T.);
#1066=FACE_BOUND('',#966,.T.);
#1067=FACE_BOUND('',#967,.T.);
#1068=FACE_BOUND('',#968,.T.);
#1069=FACE_BOUND('',#969,.T.);
#1070=FACE_BOUND('',#970,.T.);
#1071=FACE_BOUND('',#971,.T.);
#1072=FACE_BOUND('',#972,.T.);
#1073=FACE_BOUND('',#973,.T.);
#1074=FACE_BOUND('',#974,.T.);
#1075=FACE_BOUND('',#975,.T.);
#1076=FACE_BOUND('',#976,.T.);
#1077=FACE_BOUND('',#977,.T.);
#1078=FACE_BOUND('',#978,.T.);
#1079=FACE_BOUND('',#979,.T.);
#1080=FACE_BOUND('',#980,.T.);
#1081=FACE_BOUND('',#981,.T.);
#1082=FACE_BOUND('',#982,.T.);
#1083=FACE_BOUND('',#983,.T.);
#1084=FACE_BOUND('',#984,.T.);
#1085=FACE_BOUND('',#985,.T.);
#1086=FACE_BOUND('',#986,.T.);
#1087=FACE_BOUND('',#987,.T.);
#1088=FACE_BOUND('',#988,.T.);
#1089=FACE_BOUND('',#989,.T.);
#1090=FACE_BOUND('',#990,.T.);
#1091=FACE_BOUND('',#991,.T.);
#1092=FACE_BOUND('',#992,.T.);
#1093=FACE_BOUND('',#993,.T.);
#1094=FACE_BOUND('',#994,.T.);
#1095=FACE_BOUND('',#995,.T.);
#1096=FACE_BOUND('',#996,.T.);
#1097=FACE_BOUND('',#997,.T.);
#1098=FACE_BOUND('',#998,.T.);
#1099=FACE_BOUND('',#999,.T.);
#1100=FACE_BOUND('',#1000,.T.);
#1101=FACE_BOUND('',#1001,.T.);
#1102=FACE_BOUND('',#1002,.T.);
#1103=FACE_BOUND('',#1003,.T.);
#1104=FACE_BOUND('',#1004,.T.);
#1105=FACE_BOUND('',#1005,.T.);
#1106=FACE_BOUND('',#1006,.T.);
#1107=FACE_BOUND('',#1007,.T.);
#1108=FACE_BOUND('',#1008,.T.);
#1109=FACE_BOUND('',#1009,.T.);
#1110=FACE_BOUND('',#1010,.T.);
#1111=FACE_BOUND('',#1011,.T.);
#1112=FACE_BOUND('',#1012,.T.);
#1113=FACE_BOUND('',#1013,.T.);
#1114=FACE_BOUND('',#1014,.T.);
#1115=FACE_BOUND('',#1015,.T.);
#1116=FACE_BOUND('',#1016,.T.);
#1117=FACE_BOUND('',#1017,.T.);
#1118=FACE_BOUND('',#1018,.T.);
#1119=FACE_BOUND('',#1019,.T.);
#1120=FACE_BOUND('',#1020,.T.);
#1121=FACE_BOUND('',#1021,.T.);
#1122=FACE_BOUND('',#1022,.T.);
#1123=FACE_BOUND('',#1023,.T.);
#1124=FACE_BOUND('',#1024,.T.);
#1125=FACE_BOUND('',#1025,.T.);
#1126=FACE_BOUND('',#1026,.T.);
#1127=FACE_BOUND('',#1027,.T.);
#1128=FACE_BOUND('',#1028,.T.);
#1129=FACE_BOUND('',#1029,.T.);
#1130=FACE_BOUND('',#1030,.T.);
#1131=FACE_BOUND('',#1031,.T.);
#1132=PLANE('',#1259);
#1133=PLANE('',#1268);
#1134=PLANE('',#1269);
#1135=PLANE('',#1270);
#1136=PLANE('',#1271);
#1137=PLANE('',#1278);
#1138=PLANE('',#1287);
#1139=PLANE('',#1288);
#1140=PLANE('',#1289);
#1141=PLANE('',#1298);
#1142=PLANE('',#1308);
#1143=PLANE('',#1310);
#1144=PLANE('',#1312);
#1145=PLANE('',#1314);
#1146=PLANE('',#1315);
#1147=PLANE('',#1336);
#1148=PLANE('',#1338);
#1149=PLANE('',#1340);
#1150=PLANE('',#1342);
#1151=PLANE('',#1356);
#1152=PLANE('',#1357);
#1153=PLANE('',#1358);
#1154=PLANE('',#1359);
#1155=PLANE('',#1360);
#1156=PLANE('',#1361);
#1157=PLANE('',#1362);
#1158=PLANE('',#1363);
#1159=PLANE('',#1364);
#1160=PLANE('',#1368);
#1161=PLANE('',#1373);
#1162=PLANE('',#1378);
#1163=PLANE('',#1383);
#1164=PLANE('',#1391);
#1165=PLANE('',#1394);
#1166=PLANE('',#1397);
#1167=PLANE('',#1400);
#1168=ADVANCED_FACE('',(#1032,#1033,#1034,#1035,#1036),#1132,.F.);
#1169=ADVANCED_FACE('',(#1037),#1133,.T.);
#1170=ADVANCED_FACE('',(#1038),#1134,.F.);
#1171=ADVANCED_FACE('',(#1039),#1135,.F.);
#1172=ADVANCED_FACE('',(#1040),#1136,.F.);
#1173=ADVANCED_FACE('',(#1041),#32,.F.);
#1174=ADVANCED_FACE('',(#1042),#33,.F.);
#1175=ADVANCED_FACE('',(#1043,#1044),#1137,.F.);
#1176=ADVANCED_FACE('',(#1045),#1138,.F.);
#1177=ADVANCED_FACE('',(#1046),#1139,.F.);
#1178=ADVANCED_FACE('',(#1047),#1140,.F.);
#1179=ADVANCED_FACE('',(#1048),#34,.F.);
#1180=ADVANCED_FACE('',(#1049),#35,.F.);
#1181=ADVANCED_FACE('',(#1050),#36,.F.);
#1182=ADVANCED_FACE('',(#1051),#37,.F.);
#1183=ADVANCED_FACE('',(#1052,#1053),#1141,.F.);
#1184=ADVANCED_FACE('',(#1054),#38,.T.);
#1185=ADVANCED_FACE('',(#1055),#1142,.T.);
#1186=ADVANCED_FACE('',(#1056),#39,.T.);
#1187=ADVANCED_FACE('',(#1057),#1143,.T.);
#1188=ADVANCED_FACE('',(#1058),#40,.T.);
#1189=ADVANCED_FACE('',(#1059),#1144,.T.);
#1190=ADVANCED_FACE('',(#1060),#41,.T.);
#1191=ADVANCED_FACE('',(#1061),#1145,.T.);
#1192=ADVANCED_FACE('',(#1062),#1146,.T.);
#1193=ADVANCED_FACE('',(#1063),#24,.T.);
#1194=ADVANCED_FACE('',(#1064),#42,.T.);
#1195=ADVANCED_FACE('',(#1065),#25,.T.);
#1196=ADVANCED_FACE('',(#1066),#43,.T.);
#1197=ADVANCED_FACE('',(#1067),#26,.T.);
#1198=ADVANCED_FACE('',(#1068),#44,.T.);
#1199=ADVANCED_FACE('',(#1069),#27,.T.);
#1200=ADVANCED_FACE('',(#1070),#45,.T.);
#1201=ADVANCED_FACE('',(#1071),#1147,.T.);
#1202=ADVANCED_FACE('',(#1072),#46,.T.);
#1203=ADVANCED_FACE('',(#1073),#1148,.T.);
#1204=ADVANCED_FACE('',(#1074),#47,.T.);
#1205=ADVANCED_FACE('',(#1075),#1149,.T.);
#1206=ADVANCED_FACE('',(#1076),#48,.T.);
#1207=ADVANCED_FACE('',(#1077),#1150,.T.);
#1208=ADVANCED_FACE('',(#1078),#49,.T.);
#1209=ADVANCED_FACE('',(#1079),#50,.F.);
#1210=ADVANCED_FACE('',(#1080),#28,.F.);
#1211=ADVANCED_FACE('',(#1081),#29,.F.);
#1212=ADVANCED_FACE('',(#1082),#51,.F.);
#1213=ADVANCED_FACE('',(#1083),#52,.F.);
#1214=ADVANCED_FACE('',(#1084),#30,.F.);
#1215=ADVANCED_FACE('',(#1085),#31,.F.);
#1216=ADVANCED_FACE('',(#1086),#53,.F.);
#1217=ADVANCED_FACE('',(#1087),#1151,.F.);
#1218=ADVANCED_FACE('',(#1088),#1152,.F.);
#1219=ADVANCED_FACE('',(#1089),#1153,.F.);
#1220=ADVANCED_FACE('',(#1090),#1154,.T.);
#1221=ADVANCED_FACE('',(#1091),#1155,.F.);
#1222=ADVANCED_FACE('',(#1092),#1156,.F.);
#1223=ADVANCED_FACE('',(#1093),#1157,.T.);
#1224=ADVANCED_FACE('',(#1094),#1158,.F.);
#1225=ADVANCED_FACE('',(#1095),#1159,.T.);
#1226=ADVANCED_FACE('',(#1096,#1097),#54,.T.);
#1227=ADVANCED_FACE('',(#1098,#1099),#1160,.F.);
#1228=ADVANCED_FACE('',(#1100,#1101),#55,.T.);
#1229=ADVANCED_FACE('',(#1102,#1103),#1161,.F.);
#1230=ADVANCED_FACE('',(#1104,#1105),#56,.T.);
#1231=ADVANCED_FACE('',(#1106,#1107),#1162,.F.);
#1232=ADVANCED_FACE('',(#1108,#1109),#57,.T.);
#1233=ADVANCED_FACE('',(#1110,#1111),#1163,.F.);
#1234=ADVANCED_FACE('',(#1112,#1113),#20,.F.);
#1235=ADVANCED_FACE('',(#1114,#1115),#21,.F.);
#1236=ADVANCED_FACE('',(#1116,#1117),#22,.F.);
#1237=ADVANCED_FACE('',(#1118,#1119),#23,.F.);
#1238=ADVANCED_FACE('',(#1120,#1121),#58,.F.);
#1239=ADVANCED_FACE('',(#1122),#1164,.F.);
#1240=ADVANCED_FACE('',(#1123,#1124),#59,.F.);
#1241=ADVANCED_FACE('',(#1125),#1165,.F.);
#1242=ADVANCED_FACE('',(#1126,#1127),#60,.F.);
#1243=ADVANCED_FACE('',(#1128),#1166,.F.);
#1244=ADVANCED_FACE('',(#1129,#1130),#61,.F.);
#1245=ADVANCED_FACE('',(#1131),#1167,.F.);
#1246=CLOSED_SHELL('',(#1168,#1169,#1170,#1171,#1172,#1173,#1174,#1175,
#1176,#1177,#1178,#1179,#1180,#1181,#1182,#1183,#1184,#1185,#1186,#1187,
#1188,#1189,#1190,#1191,#1192,#1193,#1194,#1195,#1196,#1197,#1198,#1199,
#1200,#1201,#1202,#1203,#1204,#1205,#1206,#1207,#1208,#1209,#1210,#1211,
#1212,#1213,#1214,#1215,#1216,#1217,#1218,#1219,#1220,#1221,#1222,#1223,
#1224,#1225,#1226,#1227,#1228,#1229,#1230,#1231,#1232,#1233,#1234,#1235,
#1236,#1237,#1238,#1239,#1240,#1241,#1242,#1243,#1244,#1245));
#1247=STYLED_ITEM('',(#1248),#1255);
#1248=PRESENTATION_STYLE_ASSIGNMENT((#1249));
#1249=SURFACE_STYLE_USAGE(.BOTH.,#1250);
#1250=SURFACE_SIDE_STYLE('',(#1251));
#1251=SURFACE_STYLE_FILL_AREA(#1252);
#1252=FILL_AREA_STYLE('',(#1253));
#1253=FILL_AREA_STYLE_COLOUR('',#1254);
#1254=COLOUR_RGB('',0.506983280181885,0.531564235687256,0.550000011920929);
#1255=MANIFOLD_SOLID_BREP('',#1246);
#1256=SHAPE_DEFINITION_REPRESENTATION(#2256,#1257);
#1257=SHAPE_REPRESENTATION('Заготовка_основа1_печать3д',(#1258),#2251);
#1258=AXIS2_PLACEMENT_3D('',#1781,#1401,#1402);
#1259=AXIS2_PLACEMENT_3D('',#1782,#1403,#1404);
#1260=AXIS2_PLACEMENT_3D('',#1783,#1405,#1406);
#1261=AXIS2_PLACEMENT_3D('',#1785,#1407,#1408);
#1262=AXIS2_PLACEMENT_3D('',#1787,#1409,#1410);
#1263=AXIS2_PLACEMENT_3D('',#1789,#1411,#1412);
#1264=AXIS2_PLACEMENT_3D('',#1802,#1418,#1419);
#1265=AXIS2_PLACEMENT_3D('',#1806,#1421,#1422);
#1266=AXIS2_PLACEMENT_3D('',#1810,#1424,#1425);
#1267=AXIS2_PLACEMENT_3D('',#1814,#1427,#1428);
#1268=AXIS2_PLACEMENT_3D('',#1823,#1433,#1434);
#1269=AXIS2_PLACEMENT_3D('',#1829,#1438,#1439);
#1270=AXIS2_PLACEMENT_3D('',#1835,#1443,#1444);
#1271=AXIS2_PLACEMENT_3D('',#1860,#1457,#1458);
#1272=AXIS2_PLACEMENT_3D('',#1869,#1463,#1464);
#1273=AXIS2_PLACEMENT_3D('',#1870,#1465,#1466);
#1274=AXIS2_PLACEMENT_3D('',#1871,#1467,#1468);
#1275=AXIS2_PLACEMENT_3D('',#1872,#1469,#1470);
#1276=AXIS2_PLACEMENT_3D('',#1873,#1471,#1472);
#1277=AXIS2_PLACEMENT_3D('',#1874,#1473,#1474);
#1278=AXIS2_PLACEMENT_3D('',#1875,#1475,#1476);
#1279=AXIS2_PLACEMENT_3D('',#1879,#1478,#1479);
#1280=AXIS2_PLACEMENT_3D('',#1883,#1481,#1482);
#1281=AXIS2_PLACEMENT_3D('',#1887,#1484,#1485);
#1282=AXIS2_PLACEMENT_3D('',#1891,#1487,#1488);
#1283=AXIS2_PLACEMENT_3D('',#1892,#1489,#1490);
#1284=AXIS2_PLACEMENT_3D('',#1896,#1492,#1493);
#1285=AXIS2_PLACEMENT_3D('',#1900,#1495,#1496);
#1286=AXIS2_PLACEMENT_3D('',#1904,#1498,#1499);
#1287=AXIS2_PLACEMENT_3D('',#1905,#1500,#1501);
#1288=AXIS2_PLACEMENT_3D('',#1911,#1505,#1506);
#1289=AXIS2_PLACEMENT_3D('',#1917,#1510,#1511);
#1290=AXIS2_PLACEMENT_3D('',#1923,#1515,#1516);
#1291=AXIS2_PLACEMENT_3D('',#1924,#1517,#1518);
#1292=AXIS2_PLACEMENT_3D('',#1925,#1519,#1520);
#1293=AXIS2_PLACEMENT_3D('',#1926,#1521,#1522);
#1294=AXIS2_PLACEMENT_3D('',#1927,#1523,#1524);
#1295=AXIS2_PLACEMENT_3D('',#1928,#1525,#1526);
#1296=AXIS2_PLACEMENT_3D('',#1929,#1527,#1528);
#1297=AXIS2_PLACEMENT_3D('',#1930,#1529,#1530);
#1298=AXIS2_PLACEMENT_3D('',#1931,#1531,#1532);
#1299=AXIS2_PLACEMENT_3D('',#1932,#1533,#1534);
#1300=AXIS2_PLACEMENT_3D('',#1937,#1536,#1537);
#1301=AXIS2_PLACEMENT_3D('',#1941,#1539,#1540);
#1302=AXIS2_PLACEMENT_3D('',#1945,#1542,#1543);
#1303=AXIS2_PLACEMENT_3D('',#1948,#1545,#1546);
#1304=AXIS2_PLACEMENT_3D('',#1953,#1548,#1549);
#1305=AXIS2_PLACEMENT_3D('',#1957,#1551,#1552);
#1306=AXIS2_PLACEMENT_3D('',#1961,#1554,#1555);
#1307=AXIS2_PLACEMENT_3D('',#1964,#1557,#1558);
#1308=AXIS2_PLACEMENT_3D('',#1967,#1561,#1562);
#1309=AXIS2_PLACEMENT_3D('',#1969,#1564,#1565);
#1310=AXIS2_PLACEMENT_3D('',#1971,#1567,#1568);
#1311=AXIS2_PLACEMENT_3D('',#1973,#1570,#1571);
#1312=AXIS2_PLACEMENT_3D('',#1975,#1573,#1574);
#1313=AXIS2_PLACEMENT_3D('',#1977,#1576,#1577);
#1314=AXIS2_PLACEMENT_3D('',#1979,#1579,#1580);
#1315=AXIS2_PLACEMENT_3D('',#1980,#1581,#1582);
#1316=AXIS2_PLACEMENT_3D('',#1981,#1583,#1584);
#1317=AXIS2_PLACEMENT_3D('',#1986,#1586,#1587);
#1318=AXIS2_PLACEMENT_3D('',#1990,#1589,#1590);
#1319=AXIS2_PLACEMENT_3D('',#1994,#1592,#1593);
#1320=AXIS2_PLACEMENT_3D('',#2012,#1595,#1596);
#1321=AXIS2_PLACEMENT_3D('',#2014,#1597,#1598);
#1322=AXIS2_PLACEMENT_3D('',#2016,#1599,#1600);
#1323=AXIS2_PLACEMENT_3D('',#2017,#1601,#1602);
#1324=AXIS2_PLACEMENT_3D('',#2018,#1603,#1604);
#1325=AXIS2_PLACEMENT_3D('',#2036,#1606,#1607);
#1326=AXIS2_PLACEMENT_3D('',#2038,#1608,#1609);
#1327=AXIS2_PLACEMENT_3D('',#2039,#1610,#1611);
#1328=AXIS2_PLACEMENT_3D('',#2040,#1612,#1613);
#1329=AXIS2_PLACEMENT_3D('',#2058,#1615,#1616);
#1330=AXIS2_PLACEMENT_3D('',#2060,#1617,#1618);
#1331=AXIS2_PLACEMENT_3D('',#2061,#1619,#1620);
#1332=AXIS2_PLACEMENT_3D('',#2062,#1621,#1622);
#1333=AXIS2_PLACEMENT_3D('',#2080,#1624,#1625);
#1334=AXIS2_PLACEMENT_3D('',#2082,#1626,#1627);
#1335=AXIS2_PLACEMENT_3D('',#2083,#1628,#1629);
#1336=AXIS2_PLACEMENT_3D('',#2085,#1631,#1632);
#1337=AXIS2_PLACEMENT_3D('',#2088,#1635,#1636);
#1338=AXIS2_PLACEMENT_3D('',#2090,#1638,#1639);
#1339=AXIS2_PLACEMENT_3D('',#2092,#1641,#1642);
#1340=AXIS2_PLACEMENT_3D('',#2094,#1644,#1645);
#1341=AXIS2_PLACEMENT_3D('',#2096,#1647,#1648);
#1342=AXIS2_PLACEMENT_3D('',#2098,#1650,#1651);
#1343=AXIS2_PLACEMENT_3D('',#2100,#1653,#1654);
#1344=AXIS2_PLACEMENT_3D('',#2101,#1655,#1656);
#1345=AXIS2_PLACEMENT_3D('',#2102,#1657,#1658);
#1346=AXIS2_PLACEMENT_3D('',#2103,#1659,#1660);
#1347=AXIS2_PLACEMENT_3D('',#2134,#1661,#1662);
#1348=AXIS2_PLACEMENT_3D('',#2135,#1663,#1664);
#1349=AXIS2_PLACEMENT_3D('',#2136,#1665,#1666);
#1350=AXIS2_PLACEMENT_3D('',#2137,#1667,#1668);
#1351=AXIS2_PLACEMENT_3D('',#2138,#1669,#1670);
#1352=AXIS2_PLACEMENT_3D('',#2139,#1671,#1672);
#1353=AXIS2_PLACEMENT_3D('',#2155,#1673,#1674);
#1354=AXIS2_PLACEMENT_3D('',#2171,#1675,#1676);
#1355=AXIS2_PLACEMENT_3D('',#2172,#1677,#1678);
#1356=AXIS2_PLACEMENT_3D('',#2173,#1679,#1680);
#1357=AXIS2_PLACEMENT_3D('',#2177,#1683,#1684);
#1358=AXIS2_PLACEMENT_3D('',#2188,#1692,#1693);
#1359=AXIS2_PLACEMENT_3D('',#2189,#1694,#1695);
#1360=AXIS2_PLACEMENT_3D('',#2191,#1697,#1698);
#1361=AXIS2_PLACEMENT_3D('',#2193,#1700,#1701);
#1362=AXIS2_PLACEMENT_3D('',#2195,#1703,#1704);
#1363=AXIS2_PLACEMENT_3D('',#2196,#1705,#1706);
#1364=AXIS2_PLACEMENT_3D('',#2197,#1707,#1708);
#1365=AXIS2_PLACEMENT_3D('',#2198,#1709,#1710);
#1366=AXIS2_PLACEMENT_3D('',#2199,#1711,#1712);
#1367=AXIS2_PLACEMENT_3D('',#2201,#1713,#1714);
#1368=AXIS2_PLACEMENT_3D('',#2203,#1715,#1716);
#1369=AXIS2_PLACEMENT_3D('',#2204,#1717,#1718);
#1370=AXIS2_PLACEMENT_3D('',#2206,#1719,#1720);
#1371=AXIS2_PLACEMENT_3D('',#2207,#1721,#1722);
#1372=AXIS2_PLACEMENT_3D('',#2209,#1723,#1724);
#1373=AXIS2_PLACEMENT_3D('',#2211,#1725,#1726);
#1374=AXIS2_PLACEMENT_3D('',#2212,#1727,#1728);
#1375=AXIS2_PLACEMENT_3D('',#2214,#1729,#1730);
#1376=AXIS2_PLACEMENT_3D('',#2215,#1731,#1732);
#1377=AXIS2_PLACEMENT_3D('',#2217,#1733,#1734);
#1378=AXIS2_PLACEMENT_3D('',#2219,#1735,#1736);
#1379=AXIS2_PLACEMENT_3D('',#2220,#1737,#1738);
#1380=AXIS2_PLACEMENT_3D('',#2222,#1739,#1740);
#1381=AXIS2_PLACEMENT_3D('',#2223,#1741,#1742);
#1382=AXIS2_PLACEMENT_3D('',#2225,#1743,#1744);
#1383=AXIS2_PLACEMENT_3D('',#2227,#1745,#1746);
#1384=AXIS2_PLACEMENT_3D('',#2228,#1747,#1748);
#1385=AXIS2_PLACEMENT_3D('',#2230,#1749,#1750);
#1386=AXIS2_PLACEMENT_3D('',#2231,#1751,#1752);
#1387=AXIS2_PLACEMENT_3D('',#2232,#1753,#1754);
#1388=AXIS2_PLACEMENT_3D('',#2233,#1755,#1756);
#1389=AXIS2_PLACEMENT_3D('',#2234,#1757,#1758);
#1390=AXIS2_PLACEMENT_3D('',#2235,#1759,#1760);
#1391=AXIS2_PLACEMENT_3D('',#2237,#1761,#1762);
#1392=AXIS2_PLACEMENT_3D('',#2238,#1763,#1764);
#1393=AXIS2_PLACEMENT_3D('',#2239,#1765,#1766);
#1394=AXIS2_PLACEMENT_3D('',#2241,#1767,#1768);
#1395=AXIS2_PLACEMENT_3D('',#2242,#1769,#1770);
#1396=AXIS2_PLACEMENT_3D('',#2243,#1771,#1772);
#1397=AXIS2_PLACEMENT_3D('',#2245,#1773,#1774);
#1398=AXIS2_PLACEMENT_3D('',#2246,#1775,#1776);
#1399=AXIS2_PLACEMENT_3D('',#2247,#1777,#1778);
#1400=AXIS2_PLACEMENT_3D('',#2249,#1779,#1780);
#1401=DIRECTION('',(0.,0.,1.));
#1402=DIRECTION('',(1.,0.,0.));
#1403=DIRECTION('',(0.,0.,-1.));
#1404=DIRECTION('',(-1.,0.,0.));
#1405=DIRECTION('',(0.,0.,-1.));
#1406=DIRECTION('',(-1.,0.,0.));
#1407=DIRECTION('',(0.,0.,-1.));
#1408=DIRECTION('',(-1.,0.,0.));
#1409=DIRECTION('',(0.,0.,-1.));
#1410=DIRECTION('',(-1.,0.,0.));
#1411=DIRECTION('',(0.,0.,-1.));
#1412=DIRECTION('',(-1.,0.,0.));
#1413=DIRECTION('',(6.93277814517414E-16,1.,0.));
#1414=DIRECTION('',(1.,-1.29940984480774E-17,0.));
#1415=DIRECTION('',(1.29940984480774E-17,1.,0.));
#1416=DIRECTION('',(1.,-1.29940984480774E-17,0.));
#1417=DIRECTION('',(-3.75075346157148E-16,1.,0.));
#1418=DIRECTION('',(0.,0.,-1.));
#1419=DIRECTION('',(0.707106781186547,0.707106781186548,0.));
#1420=DIRECTION('',(-1.,0.,0.));
#1421=DIRECTION('',(0.,0.,-1.));
#1422=DIRECTION('',(-0.707106781186548,0.707106781186548,0.));
#1423=DIRECTION('',(-1.17211045674109E-17,-1.,0.));
#1424=DIRECTION('',(0.,0.,-1.));
#1425=DIRECTION('',(-0.707106781186548,-0.707106781186548,0.));
#1426=DIRECTION('',(1.,-2.30681313294788E-17,0.));
#1427=DIRECTION('',(0.,0.,-1.));
#1428=DIRECTION('',(0.707106781186548,-0.707106781186547,0.));
#1429=DIRECTION('',(-3.75075346157148E-16,1.,0.));
#1430=DIRECTION('',(1.,-1.29940984480774E-17,0.));
#1431=DIRECTION('',(1.29940984480774E-17,1.,0.));
#1432=DIRECTION('',(1.,-1.29940984480774E-17,0.));
#1433=DIRECTION('',(-1.29940984480774E-17,-1.,0.));
#1434=DIRECTION('',(1.,-1.29940984480774E-17,0.));
#1435=DIRECTION('',(0.,0.,1.));
#1436=DIRECTION('',(1.,-1.29940984480774E-17,0.));
#1437=DIRECTION('',(0.,0.,1.));
#1438=DIRECTION('',(-1.29940984480774E-17,-1.,0.));
#1439=DIRECTION('',(1.,-1.29940984480774E-17,0.));
#1440=DIRECTION('',(0.,0.,1.));
#1441=DIRECTION('',(0.,0.,1.));
#1442=DIRECTION('',(1.,-1.29940984480774E-17,0.));
#1443=DIRECTION('',(0.998629534754574,3.74561318430823E-16,-0.0523359562429438));
#1444=DIRECTION('',(-0.0523359562429438,0.,-0.998629534754574));
#1445=DIRECTION('',(3.75075346157147E-16,-1.,-1.34949188246629E-36));
#1446=DIRECTION('',(-0.0523359562429438,6.80058567795086E-19,-0.998629534754574));
#1447=DIRECTION('',(-3.75075346157147E-16,1.,0.));
#1448=DIRECTION('',(-0.0523359562429438,6.80058567795086E-19,-0.998629534754574));
#1449=DIRECTION('',(3.75075346157147E-16,-1.,-1.34949188246629E-36));
#1450=DIRECTION('',(-0.0522644276887139,0.0522644276887139,-0.997264688634237));
#1451=DIRECTION('',(-3.75075346157147E-16,1.,0.));
#1452=DIRECTION('',(-0.0522644276887139,-0.0522644276887139,-0.997264688634237));
#1453=DIRECTION('',(3.75075346157147E-16,-1.,-1.34949188246629E-36));
#1454=DIRECTION('',(-0.0523359562429438,6.80058567795086E-19,-0.998629534754574));
#1455=DIRECTION('',(-3.75075346157147E-16,1.,0.));
#1456=DIRECTION('',(-0.0523359562429438,6.80058567795086E-19,-0.998629534754574));
#1457=DIRECTION('',(0.,0.,-1.));
#1458=DIRECTION('',(-1.,0.,0.));
#1459=DIRECTION('',(1.,-1.29940984480774E-17,0.));
#1460=DIRECTION('',(6.93277814517414E-16,1.,0.));
#1461=DIRECTION('',(1.,-1.29940984480774E-17,0.));
#1462=DIRECTION('',(-3.75075346157148E-16,1.,0.));
#1463=DIRECTION('',(-3.75075346157147E-16,1.,0.));
#1464=DIRECTION('',(-1.,-3.75075346157148E-16,0.));
#1465=DIRECTION('',(-1.29940984480774E-17,-1.,0.));
#1466=DIRECTION('',(1.,-1.29940984480774E-17,0.));
#1467=DIRECTION('',(-1.29940984480774E-17,-1.,0.));
#1468=DIRECTION('',(1.,-1.29940984480774E-17,0.));
#1469=DIRECTION('',(-3.75075346157147E-16,1.,0.));
#1470=DIRECTION('',(-1.,-3.75075346157148E-16,0.));
#1471=DIRECTION('',(-1.29940984480774E-17,-1.,0.));
#1472=DIRECTION('',(1.,-1.29940984480774E-17,0.));
#1473=DIRECTION('',(0.,1.,0.));
#1474=DIRECTION('',(0.,0.,1.));
#1475=DIRECTION('',(0.,0.,-1.));
#1476=DIRECTION('',(-1.,0.,0.));
#1477=DIRECTION('',(1.,-2.30681313294788E-17,0.));
#1478=DIRECTION('',(0.,0.,1.));
#1479=DIRECTION('',(0.707106781186548,-0.707106781186547,0.));
#1480=DIRECTION('',(-3.75075346157147E-16,1.,0.));
#1481=DIRECTION('',(0.,0.,1.));
#1482=DIRECTION('',(0.707106781186547,0.707106781186548,0.));
#1483=DIRECTION('',(-1.,0.,0.));
#1484=DIRECTION('',(0.,0.,1.));
#1485=DIRECTION('',(-0.707106781186548,0.707106781186548,0.));
#1486=DIRECTION('',(-1.17211045674109E-17,-1.,0.));
#1487=DIRECTION('',(0.,0.,1.));
#1488=DIRECTION('',(-0.707106781186548,-0.707106781186548,0.));
#1489=DIRECTION('',(0.,0.,-1.));
#1490=DIRECTION('',(0.707106781186548,-0.707106781186547,0.));
#1491=DIRECTION('',(1.,-2.30681313294788E-17,0.));
#1492=DIRECTION('',(0.,0.,-1.));
#1493=DIRECTION('',(-0.707106781186548,-0.707106781186548,0.));
#1494=DIRECTION('',(-1.17211045674109E-17,-1.,0.));
#1495=DIRECTION('',(0.,0.,-1.));
#1496=DIRECTION('',(-0.707106781186548,0.707106781186548,0.));
#1497=DIRECTION('',(-1.,0.,0.));
#1498=DIRECTION('',(0.,0.,-1.));
#1499=DIRECTION('',(0.707106781186547,0.707106781186548,0.));
#1500=DIRECTION('',(-2.30365172572148E-17,-0.998629534754574,-0.0523359562429438));
#1501=DIRECTION('',(0.,0.0523359562429438,-0.998629534754574));
#1502=DIRECTION('',(-0.052264427688714,0.0522644276887139,-0.997264688634237));
#1503=DIRECTION('',(-1.,2.30681313294788E-17,1.92329052433333E-34));
#1504=DIRECTION('',(0.0522644276887139,0.0522644276887139,-0.997264688634237));
#1505=DIRECTION('',(-0.998629534754574,1.17050412009632E-17,-0.0523359562429438));
#1506=DIRECTION('',(-0.0523359562429438,0.,0.998629534754574));
#1507=DIRECTION('',(0.0522644276887139,0.0522644276887139,-0.997264688634237));
#1508=DIRECTION('',(1.17211045674109E-17,1.,4.21716213270717E-38));
#1509=DIRECTION('',(0.0522644276887139,-0.0522644276887139,-0.997264688634237));
#1510=DIRECTION('',(0.,0.998629534754574,-0.0523359562429438));
#1511=DIRECTION('',(0.,0.0523359562429438,0.998629534754574));
#1512=DIRECTION('',(0.0522644276887139,-0.0522644276887139,-0.997264688634237));
#1513=DIRECTION('',(1.,0.,0.));
#1514=DIRECTION('',(-0.0522644276887139,-0.0522644276887139,-0.997264688634237));
#1515=DIRECTION('',(0.0522644276887139,0.0522644276887139,0.997264688634237));
#1516=DIRECTION('',(0.,-0.998629534754574,0.0523359562429438));
#1517=DIRECTION('',(0.0174002483588501,0.0174002483588501,0.999697185508742));
#1518=DIRECTION('',(0.706892659006338,0.706892659006338,-0.0246076672177459));
#1519=DIRECTION('',(-0.0522644276887139,0.0522644276887139,0.997264688634237));
#1520=DIRECTION('',(0.998629534754574,0.,0.0523359562429438));
#1521=DIRECTION('',(-0.0174002483588499,0.0174002483588499,0.999697185508742));
#1522=DIRECTION('',(-0.706892659006337,0.706892659006338,-0.0246076672177457));
#1523=DIRECTION('',(-0.0522644276887139,-0.0522644276887139,0.997264688634237));
#1524=DIRECTION('',(0.998629534754574,0.,0.0523359562429438));
#1525=DIRECTION('',(-0.0174002483588499,-0.0174002483588499,0.999697185508742));
#1526=DIRECTION('',(-0.706892659006338,-0.706892659006338,-0.0246076672177457));
#1527=DIRECTION('',(0.0522644276887139,-0.0522644276887139,0.997264688634237));
#1528=DIRECTION('',(0.998629534754574,0.,-0.0523359562429438));
#1529=DIRECTION('',(0.0174002483588499,-0.0174002483588499,0.999697185508742));
#1530=DIRECTION('',(0.706892659006338,-0.706892659006337,-0.0246076672177457));
#1531=DIRECTION('',(0.,0.,-1.));
#1532=DIRECTION('',(-1.,0.,0.));
#1533=DIRECTION('',(0.,0.,-1.));
#1534=DIRECTION('',(-0.707106781186548,-0.707106781186548,0.));
#1535=DIRECTION('',(1.17211045674109E-17,1.,0.));
#1536=DIRECTION('',(0.,0.,-1.));
#1537=DIRECTION('',(-0.707106781186548,0.707106781186548,0.));
#1538=DIRECTION('',(1.,0.,0.));
#1539=DIRECTION('',(0.,0.,-1.));
#1540=DIRECTION('',(0.707106781186547,0.707106781186548,0.));
#1541=DIRECTION('',(3.75075346157147E-16,-1.,0.));
#1542=DIRECTION('',(0.,0.,-1.));
#1543=DIRECTION('',(0.707106781186548,-0.707106781186547,0.));
#1544=DIRECTION('',(-1.,2.30681313294788E-17,0.));
#1545=DIRECTION('',(0.,0.,-1.));
#1546=DIRECTION('',(0.707106781186548,-0.707106781186547,0.));
#1547=DIRECTION('',(3.75075346157147E-16,-1.,0.));
#1548=DIRECTION('',(0.,0.,-1.));
#1549=DIRECTION('',(0.707106781186547,0.707106781186548,0.));
#1550=DIRECTION('',(1.,0.,0.));
#1551=DIRECTION('',(0.,0.,-1.));
#1552=DIRECTION('',(-0.707106781186548,0.707106781186548,0.));
#1553=DIRECTION('',(1.17211045674109E-17,1.,0.));
#1554=DIRECTION('',(0.,0.,-1.));
#1555=DIRECTION('',(-0.707106781186548,-0.707106781186548,0.));
#1556=DIRECTION('',(-1.,2.30681313294788E-17,0.));
#1557=DIRECTION('',(0.0522644276887139,-0.0522644276887139,0.997264688634237));
#1558=DIRECTION('',(0.998629534754574,0.,-0.0523359562429438));
#1559=DIRECTION('',(0.0522644276887139,-0.0522644276887139,0.997264688634237));
#1560=DIRECTION('',(0.0522644276887139,-0.0522644276887139,0.997264688634237));
#1561=DIRECTION('',(0.998629534754574,3.74561318430823E-16,-0.0523359562429438));
#1562=DIRECTION('',(-0.0523359562429438,0.,-0.998629534754574));
#1563=DIRECTION('',(-0.0522644276887139,-0.0522644276887139,-0.997264688634237));
#1564=DIRECTION('',(0.0522644276887139,0.0522644276887139,0.997264688634237));
#1565=DIRECTION('',(0.,-0.998629534754574,0.0523359562429438));
#1566=DIRECTION('',(0.0522644276887139,0.0522644276887139,0.997264688634237));
#1567=DIRECTION('',(0.,0.998629534754574,-0.0523359562429438));
#1568=DIRECTION('',(0.,0.0523359562429438,0.998629534754574));
#1569=DIRECTION('',(0.0522644276887139,-0.0522644276887139,-0.997264688634237));
#1570=DIRECTION('',(-0.0522644276887139,0.0522644276887139,0.997264688634237));
#1571=DIRECTION('',(0.998629534754574,0.,0.0523359562429438));
#1572=DIRECTION('',(-0.0522644276887139,0.0522644276887139,0.997264688634237));
#1573=DIRECTION('',(-0.998629534754574,1.17050412009632E-17,-0.0523359562429438));
#1574=DIRECTION('',(-0.0523359562429438,0.,0.998629534754574));
#1575=DIRECTION('',(0.0522644276887139,0.0522644276887139,-0.997264688634237));
#1576=DIRECTION('',(-0.0522644276887139,-0.0522644276887139,0.997264688634237));
#1577=DIRECTION('',(0.998629534754574,0.,0.0523359562429438));
#1578=DIRECTION('',(-0.0522644276887139,-0.0522644276887139,0.997264688634237));
#1579=DIRECTION('',(-2.30365172572148E-17,-0.998629534754574,-0.0523359562429438));
#1580=DIRECTION('',(0.,0.0523359562429438,-0.998629534754574));
#1581=DIRECTION('',(0.,0.,-1.));
#1582=DIRECTION('',(-1.,0.,0.));
#1583=DIRECTION('',(0.,0.,-1.));
#1584=DIRECTION('',(0.707106781186547,0.707106781186548,0.));
#1585=DIRECTION('',(-3.75075346157148E-16,1.,0.));
#1586=DIRECTION('',(0.,0.,-1.));
#1587=DIRECTION('',(0.707106781186548,-0.707106781186547,0.));
#1588=DIRECTION('',(1.,-2.30681313294788E-17,0.));
#1589=DIRECTION('',(0.,0.,-1.));
#1590=DIRECTION('',(-0.707106781186548,-0.707106781186548,0.));
#1591=DIRECTION('',(-1.17211045674109E-17,-1.,0.));
#1592=DIRECTION('',(0.,0.,-1.));
#1593=DIRECTION('',(-0.707106781186548,0.707106781186548,0.));
#1594=DIRECTION('',(-1.,0.,0.));
#1595=DIRECTION('',(1.,-2.42434680122939E-16,4.62592926927149E-15));
#1596=DIRECTION('',(4.62592926927149E-15,0.,-1.));
#1597=DIRECTION('',(-2.6940007659791E-15,1.,2.45752492430048E-15));
#1598=DIRECTION('',(-1.,-2.6940007659791E-15,0.));
#1599=DIRECTION('',(0.0261142887809852,-0.0261142887809852,0.999317811230705));
#1600=DIRECTION('',(0.706624400881731,-0.706624400881729,-0.0369311813657968));
#1601=DIRECTION('',(3.75075346157147E-16,-1.,0.));
#1602=DIRECTION('',(1.,3.75075346157148E-16,0.));
#1603=DIRECTION('',(0.,-1.,0.));
#1604=DIRECTION('',(0.,0.,-1.));
#1605=DIRECTION('',(3.75075346157147E-16,-1.,-4.96891423981917E-34));
#1606=DIRECTION('',(1.,9.26455528958162E-15,0.));
#1607=DIRECTION('',(-9.26455528958162E-15,1.,0.));
#1608=DIRECTION('',(0.0261142887809851,0.0261142887809851,0.999317811230705));
#1609=DIRECTION('',(0.70662440088173,0.70662440088173,-0.0369311813657967));
#1610=DIRECTION('',(1.,0.,0.));
#1611=DIRECTION('',(0.,0.,-1.));
#1612=DIRECTION('',(1.,0.,0.));
#1613=DIRECTION('',(0.,0.,-1.));
#1614=DIRECTION('',(1.,0.,0.));
#1615=DIRECTION('',(-4.63227764479084E-15,1.,0.));
#1616=DIRECTION('',(-1.,-4.63227764479084E-15,0.));
#1617=DIRECTION('',(-0.0261142887809852,0.0261142887809852,0.999317811230705));
#1618=DIRECTION('',(-0.706624400881729,0.706624400881731,-0.0369311813657968));
#1619=DIRECTION('',(1.17211045674109E-17,1.,0.));
#1620=DIRECTION('',(-1.,1.17211045674109E-17,0.));
#1621=DIRECTION('',(1.09853214430707E-16,-1.,-2.09612420013864E-15));
#1622=DIRECTION('',(0.,2.09612420013864E-15,-1.));
#1623=DIRECTION('',(1.17211045674109E-17,1.,1.55278569994349E-35));
#1624=DIRECTION('',(1.,2.74365185291743E-16,2.89120579329468E-16));
#1625=DIRECTION('',(2.89120579329468E-16,0.,-1.));
#1626=DIRECTION('',(-0.0261142887809851,-0.0261142887809851,0.999317811230705));
#1627=DIRECTION('',(-0.70662440088173,-0.70662440088173,-0.0369311813657967));
#1628=DIRECTION('',(-1.,2.30681313294788E-17,0.));
#1629=DIRECTION('',(-2.30681313294788E-17,-1.,0.));
#1630=DIRECTION('',(-1.,2.30681313294788E-17,1.91802253096857E-34));
#1631=DIRECTION('',(-2.30365172572148E-17,-0.998629534754574,-0.0523359562429438));
#1632=DIRECTION('',(0.,0.0523359562429438,-0.998629534754574));
#1633=DIRECTION('',(-0.0522644276887139,-0.0522644276887139,0.997264688634237));
#1634=DIRECTION('',(0.0522644276887139,-0.0522644276887139,0.997264688634237));
#1635=DIRECTION('',(-0.0522644276887139,-0.0522644276887139,0.997264688634237));
#1636=DIRECTION('',(0.998629534754574,0.,0.0523359562429438));
#1637=DIRECTION('',(-0.0522644276887139,-0.0522644276887139,0.997264688634237));
#1638=DIRECTION('',(-0.998629534754574,1.17050412009632E-17,-0.0523359562429438));
#1639=DIRECTION('',(-0.0523359562429438,0.,0.998629534754574));
#1640=DIRECTION('',(-0.0522644276887139,0.0522644276887139,0.997264688634237));
#1641=DIRECTION('',(-0.0522644276887139,0.0522644276887139,0.997264688634237));
#1642=DIRECTION('',(0.998629534754574,0.,0.0523359562429438));
#1643=DIRECTION('',(-0.0522644276887139,0.0522644276887139,0.997264688634237));
#1644=DIRECTION('',(0.,0.998629534754574,-0.0523359562429438));
#1645=DIRECTION('',(0.,0.0523359562429438,0.998629534754574));
#1646=DIRECTION('',(0.0522644276887139,0.0522644276887139,0.997264688634237));
#1647=DIRECTION('',(0.0522644276887139,0.0522644276887139,0.997264688634237));
#1648=DIRECTION('',(0.,-0.998629534754574,0.0523359562429438));
#1649=DIRECTION('',(0.0522644276887139,0.0522644276887139,0.997264688634237));
#1650=DIRECTION('',(0.998629534754574,3.74561318430823E-16,-0.0523359562429438));
#1651=DIRECTION('',(-0.0523359562429438,0.,-0.998629534754574));
#1652=DIRECTION('',(0.0522644276887139,-0.0522644276887139,0.997264688634237));
#1653=DIRECTION('',(0.0522644276887139,-0.0522644276887139,0.997264688634237));
#1654=DIRECTION('',(0.998629534754574,0.,-0.0523359562429438));
#1655=DIRECTION('',(-1.,0.,0.));
#1656=DIRECTION('',(0.,0.,1.));
#1657=DIRECTION('',(1.,0.,0.));
#1658=DIRECTION('',(0.,0.,-1.));
#1659=DIRECTION('',(-1.,0.,0.));
#1660=DIRECTION('',(0.,0.,1.));
#1661=DIRECTION('',(0.,1.,0.));
#1662=DIRECTION('',(0.,0.,1.));
#1663=DIRECTION('',(-3.75075346157147E-16,1.,0.));
#1664=DIRECTION('',(-1.,-3.75075346157148E-16,0.));
#1665=DIRECTION('',(-1.29940984480774E-17,-1.,0.));
#1666=DIRECTION('',(1.,-1.29940984480774E-17,0.));
#1667=DIRECTION('',(-5.59281411137533E-16,1.,-2.3852447794681E-15));
#1668=DIRECTION('',(0.,2.3852447794681E-15,1.));
#1669=DIRECTION('',(-1.17211045674109E-17,-1.,0.));
#1670=DIRECTION('',(1.,-1.17211045674109E-17,0.));
#1671=DIRECTION('',(-2.38851816059527E-15,1.,0.));
#1672=DIRECTION('',(-1.,-2.38851816059527E-15,0.));
#1673=DIRECTION('',(1.,0.,0.));
#1674=DIRECTION('',(0.,0.,-1.));
#1675=DIRECTION('',(-1.,0.,0.));
#1676=DIRECTION('',(0.,0.,1.));
#1677=DIRECTION('',(1.,-2.30681313294788E-17,0.));
#1678=DIRECTION('',(2.30681313294788E-17,1.,0.));
#1679=DIRECTION('',(1.,-1.29940984480774E-17,0.));
#1680=DIRECTION('',(0.,0.,1.));
#1681=DIRECTION('',(1.29940984480774E-17,1.,0.));
#1682=DIRECTION('',(0.,0.,1.));
#1683=DIRECTION('',(0.,0.,-1.));
#1684=DIRECTION('',(1.,-1.29940984480774E-17,0.));
#1685=DIRECTION('',(6.93277814517414E-16,1.,0.));
#1686=DIRECTION('',(1.29940984480774E-17,1.,0.));
#1687=DIRECTION('',(1.,-1.29940984480774E-17,0.));
#1688=DIRECTION('',(1.,-1.29940984480774E-17,0.));
#1689=DIRECTION('',(6.93277814517414E-16,1.,0.));
#1690=DIRECTION('',(1.,-1.29940984480774E-17,0.));
#1691=DIRECTION('',(1.,-1.29940984480774E-17,0.));
#1692=DIRECTION('',(-1.29940984480774E-17,-1.,0.));
#1693=DIRECTION('',(1.,-1.29940984480774E-17,0.));
#1694=DIRECTION('',(-1.29940984480774E-17,-1.,0.));
#1695=DIRECTION('',(1.,-1.29940984480774E-17,0.));
#1696=DIRECTION('',(0.,0.,1.));
#1697=DIRECTION('',(1.,-1.29940984480774E-17,0.));
#1698=DIRECTION('',(0.,0.,1.));
#1699=DIRECTION('',(0.,0.,1.));
#1700=DIRECTION('',(-1.29940984480774E-17,-1.,0.));
#1701=DIRECTION('',(1.,-1.29940984480774E-17,0.));
#1702=DIRECTION('',(0.,0.,1.));
#1703=DIRECTION('',(-1.29940984480774E-17,-1.,0.));
#1704=DIRECTION('',(1.,-1.29940984480774E-17,0.));
#1705=DIRECTION('',(1.,-6.93277814517413E-16,0.));
#1706=DIRECTION('',(6.93277814517414E-16,1.,0.));
#1707=DIRECTION('',(1.,-6.93277814517413E-16,0.));
#1708=DIRECTION('',(6.93277814517414E-16,1.,0.));
#1709=DIRECTION('',(0.,0.,1.));
#1710=DIRECTION('',(1.,0.,0.));
#1711=DIRECTION('',(0.,0.,-1.));
#1712=DIRECTION('',(-1.,0.,0.));
#1713=DIRECTION('',(0.,0.,-1.));
#1714=DIRECTION('',(0.,-1.,0.));
#1715=DIRECTION('',(0.,0.,-1.));
#1716=DIRECTION('',(-1.,0.,0.));
#1717=DIRECTION('',(0.,0.,-1.));
#1718=DIRECTION('',(0.,-1.,0.));
#1719=DIRECTION('',(0.,0.,1.));
#1720=DIRECTION('',(1.,0.,0.));
#1721=DIRECTION('',(0.,0.,-1.));
#1722=DIRECTION('',(-1.,0.,0.));
#1723=DIRECTION('',(0.,0.,-1.));
#1724=DIRECTION('',(0.,-1.,0.));
#1725=DIRECTION('',(0.,0.,-1.));
#1726=DIRECTION('',(-1.,0.,0.));
#1727=DIRECTION('',(0.,0.,-1.));
#1728=DIRECTION('',(0.,-1.,0.));
#1729=DIRECTION('',(0.,0.,1.));
#1730=DIRECTION('',(1.,0.,0.));
#1731=DIRECTION('',(0.,0.,-1.));
#1732=DIRECTION('',(-1.,0.,0.));
#1733=DIRECTION('',(0.,0.,-1.));
#1734=DIRECTION('',(0.,-1.,0.));
#1735=DIRECTION('',(0.,0.,-1.));
#1736=DIRECTION('',(-1.,0.,0.));
#1737=DIRECTION('',(0.,0.,-1.));
#1738=DIRECTION('',(0.,-1.,0.));
#1739=DIRECTION('',(0.,0.,1.));
#1740=DIRECTION('',(1.,0.,0.));
#1741=DIRECTION('',(0.,0.,-1.));
#1742=DIRECTION('',(-1.,0.,0.));
#1743=DIRECTION('',(0.,0.,-1.));
#1744=DIRECTION('',(0.,-1.,0.));
#1745=DIRECTION('',(0.,0.,-1.));
#1746=DIRECTION('',(-1.,0.,0.));
#1747=DIRECTION('',(0.,0.,-1.));
#1748=DIRECTION('',(0.,-1.,0.));
#1749=DIRECTION('',(0.,0.,-1.));
#1750=DIRECTION('',(-1.,0.,0.));
#1751=DIRECTION('',(0.,0.,-1.));
#1752=DIRECTION('',(-1.,0.,0.));
#1753=DIRECTION('',(0.,0.,-1.));
#1754=DIRECTION('',(-1.,0.,0.));
#1755=DIRECTION('',(0.,0.,-1.));
#1756=DIRECTION('',(-1.,0.,0.));
#1757=DIRECTION('',(0.,0.,1.));
#1758=DIRECTION('',(1.,0.,0.));
#1759=DIRECTION('',(0.,0.,-1.));
#1760=DIRECTION('',(0.,-1.,0.));
#1761=DIRECTION('',(0.,0.,-1.));
#1762=DIRECTION('',(-1.,0.,0.));
#1763=DIRECTION('',(0.,0.,1.));
#1764=DIRECTION('',(1.,0.,0.));
#1765=DIRECTION('',(0.,0.,-1.));
#1766=DIRECTION('',(0.,-1.,0.));
#1767=DIRECTION('',(0.,0.,-1.));
#1768=DIRECTION('',(-1.,0.,0.));
#1769=DIRECTION('',(0.,0.,1.));
#1770=DIRECTION('',(1.,0.,0.));
#1771=DIRECTION('',(0.,0.,-1.));
#1772=DIRECTION('',(0.,-1.,0.));
#1773=DIRECTION('',(0.,0.,-1.));
#1774=DIRECTION('',(-1.,0.,0.));
#1775=DIRECTION('',(0.,0.,1.));
#1776=DIRECTION('',(1.,0.,0.));
#1777=DIRECTION('',(0.,0.,-1.));
#1778=DIRECTION('',(0.,-1.,0.));
#1779=DIRECTION('',(0.,0.,-1.));
#1780=DIRECTION('',(-1.,0.,0.));
#1781=CARTESIAN_POINT('',(0.,0.,0.));
#1782=CARTESIAN_POINT('',(0.,0.,-12.));
#1783=CARTESIAN_POINT('',(7.5,7.5,-12.));
#1784=CARTESIAN_POINT('',(0.500000000000004,7.5,-12.));
#1785=CARTESIAN_POINT('',(82.5,7.5,-12.));
#1786=CARTESIAN_POINT('',(75.5,7.5,-12.));
#1787=CARTESIAN_POINT('',(82.5,62.5,-12.));
#1788=CARTESIAN_POINT('',(75.5,62.5,-12.));
#1789=CARTESIAN_POINT('',(7.5,62.5,-12.));
#1790=CARTESIAN_POINT('',(0.500000000000002,62.5,-12.));
#1791=CARTESIAN_POINT('',(78.4,32.,-12.));
#1792=CARTESIAN_POINT('',(78.4,32.5,-12.));
#1793=CARTESIAN_POINT('',(78.4,51.9,-12.));
#1794=CARTESIAN_POINT('',(76.8760770820789,51.9,-12.));
#1795=CARTESIAN_POINT('',(76.8760770820789,51.9,-12.));
#1796=CARTESIAN_POINT('',(76.8760770820789,52.4,-12.));
#1797=CARTESIAN_POINT('',(76.8760770820789,52.9,-12.));
#1798=CARTESIAN_POINT('',(76.8760770820789,52.9,-12.));
#1799=CARTESIAN_POINT('',(90.4221420818886,52.9,-12.));
#1800=CARTESIAN_POINT('',(90.4221420818887,3.39151162416352E-14,-12.));
#1801=CARTESIAN_POINT('',(90.4221420818886,68.4248830123795,-12.));
#1802=CARTESIAN_POINT('',(88.4193973898928,68.4193973898928,-12.));
#1803=CARTESIAN_POINT('',(88.4248830123795,70.4221420818886,-12.));
#1804=CARTESIAN_POINT('',(0.,70.4221420818886,-12.));
#1805=CARTESIAN_POINT('',(1.57511698762052,70.4221420818886,-12.));
#1806=CARTESIAN_POINT('',(1.58060261010722,68.4193973898928,-12.));
#1807=CARTESIAN_POINT('',(-0.422142081888623,68.4248830123795,-12.));
#1808=CARTESIAN_POINT('',(-0.422142081888626,4.9479714841211E-18,-12.));
#1809=CARTESIAN_POINT('',(-0.422142081888626,1.57511698762052,-12.));
#1810=CARTESIAN_POINT('',(1.58060261010721,1.58060261010722,-12.));
#1811=CARTESIAN_POINT('',(1.57511698762052,-0.422142081888618,-12.));
#1812=CARTESIAN_POINT('',(-9.73802898470623E-18,-0.422142081888618,-12.));
#1813=CARTESIAN_POINT('',(88.4248830123795,-0.42214208188862,-12.));
#1814=CARTESIAN_POINT('',(88.4193973898928,1.58060261010722,-12.));
#1815=CARTESIAN_POINT('',(90.4221420818887,1.57511698762053,-12.));
#1816=CARTESIAN_POINT('',(90.4221420818887,3.39151162416352E-14,-12.));
#1817=CARTESIAN_POINT('',(90.4221420818886,31.5,-12.));
#1818=CARTESIAN_POINT('',(76.8760770820789,31.5,-12.));
#1819=CARTESIAN_POINT('',(76.8760770820789,31.5,-12.));
#1820=CARTESIAN_POINT('',(76.8760770820789,32.,-12.));
#1821=CARTESIAN_POINT('',(76.8760770820789,32.5,-12.));
#1822=CARTESIAN_POINT('',(76.8760770820789,32.5,-12.));
#1823=CARTESIAN_POINT('',(76.8760770820789,51.9,-12.));
#1824=CARTESIAN_POINT('',(78.4,51.9,-12.));
#1825=CARTESIAN_POINT('',(78.4,51.9,-1.5));
#1826=CARTESIAN_POINT('',(76.8760770820789,51.9,-1.5));
#1827=CARTESIAN_POINT('',(76.8760770820789,51.9,-1.5));
#1828=CARTESIAN_POINT('',(76.8760770820789,51.9,-12.));
#1829=CARTESIAN_POINT('',(76.8760770820789,32.5,-12.));
#1830=CARTESIAN_POINT('',(78.4,32.5,-12.));
#1831=CARTESIAN_POINT('',(78.4,32.5,-1.5));
#1832=CARTESIAN_POINT('',(76.8760770820789,32.5,-12.));
#1833=CARTESIAN_POINT('',(76.8760770820789,32.5,-1.5));
#1834=CARTESIAN_POINT('',(76.8760770820789,32.5,-1.5));
#1835=CARTESIAN_POINT('',(92.,35.,0.));
#1836=CARTESIAN_POINT('',(91.4207716166432,35.,-11.0523359562429));
#1837=CARTESIAN_POINT('',(91.4207716166432,51.9,-11.0523359562429));
#1838=CARTESIAN_POINT('',(91.4207716166432,32.5,-11.0523359562429));
#1839=CARTESIAN_POINT('',(92.,32.5,-5.07053783571454E-17));
#1840=CARTESIAN_POINT('',(91.9213883310754,32.5,-1.5));
#1841=CARTESIAN_POINT('',(91.9213883310754,35.,-1.5));
#1842=CARTESIAN_POINT('',(91.9213883310754,31.5,-1.5));
#1843=CARTESIAN_POINT('',(92.,31.5,-7.09875297000034E-17));
#1844=CARTESIAN_POINT('',(91.4207716166432,31.5,-11.0523359562429));
#1845=CARTESIAN_POINT('',(91.4207716166432,35.,-11.0523359562429));
#1846=CARTESIAN_POINT('',(91.4207716166432,1.57511698762053,-11.0523359562429));
#1847=CARTESIAN_POINT('',(91.9071153757777,1.08877322848602,-1.77234421097364));
#1848=CARTESIAN_POINT('',(92.,0.995888604263744,0.));
#1849=CARTESIAN_POINT('',(92.,35.,0.));
#1850=CARTESIAN_POINT('',(92.,69.0041113957363,0.));
#1851=CARTESIAN_POINT('',(91.9071153757777,68.911226771514,-1.77234421097363));
#1852=CARTESIAN_POINT('',(91.4207716166432,68.4248830123795,-11.0523359562429));
#1853=CARTESIAN_POINT('',(91.4207716166432,35.,-11.0523359562429));
#1854=CARTESIAN_POINT('',(91.4207716166432,52.9,-11.0523359562429));
#1855=CARTESIAN_POINT('',(92.,52.9,3.63050509037157E-16));
#1856=CARTESIAN_POINT('',(91.9213883310754,52.9,-1.5));
#1857=CARTESIAN_POINT('',(91.9213883310754,35.,-1.5));
#1858=CARTESIAN_POINT('',(91.9213883310754,51.9,-1.5));
#1859=CARTESIAN_POINT('',(92.,51.9,3.42768357694299E-16));
#1860=CARTESIAN_POINT('',(0.,0.,-12.));
#1861=CARTESIAN_POINT('',(76.8760770820789,51.9,-12.));
#1862=CARTESIAN_POINT('',(79.4,51.9,-12.));
#1863=CARTESIAN_POINT('',(90.4221420818886,51.9,-12.));
#1864=CARTESIAN_POINT('',(79.4,32.,-12.));
#1865=CARTESIAN_POINT('',(79.4,32.5,-12.));
#1866=CARTESIAN_POINT('',(76.8760770820789,32.5,-12.));
#1867=CARTESIAN_POINT('',(90.4221420818886,32.5,-12.));
#1868=CARTESIAN_POINT('',(90.4221420818887,3.39151162416352E-14,-12.));
#1869=CARTESIAN_POINT('',(90.4221420818886,35.,-11.));
#1870=CARTESIAN_POINT('',(90.4221420818886,32.5,-11.));
#1871=CARTESIAN_POINT('',(90.4221420818886,51.9,-11.));
#1872=CARTESIAN_POINT('',(90.4221420818886,35.,-11.));
#1873=CARTESIAN_POINT('',(90.4221420818886,52.9,-11.));
#1874=CARTESIAN_POINT('',(90.4221420818886,68.4248830123795,-11.));
#1875=CARTESIAN_POINT('',(0.,0.,0.));
#1876=CARTESIAN_POINT('',(-8.078594583974E-17,-3.50205851899688,0.));
#1877=CARTESIAN_POINT('',(89.0082256126013,-3.50205851899688,0.));
#1878=CARTESIAN_POINT('',(0.991774387398694,-3.50205851899687,-8.67361737988404E-16));
#1879=CARTESIAN_POINT('',(88.9958829620063,1.00411703799377,0.));
#1880=CARTESIAN_POINT('',(93.5020585189969,0.991774387398706,-2.16840434497101E-16));
#1881=CARTESIAN_POINT('',(93.5020585189969,3.50703169654186E-14,0.));
#1882=CARTESIAN_POINT('',(93.5020585189969,69.0082256126013,-6.50521303491303E-16));
#1883=CARTESIAN_POINT('',(88.9958829620062,68.9958829620062,0.));
#1884=CARTESIAN_POINT('',(89.0082256126013,73.5020585189969,-2.16840434497101E-15));
#1885=CARTESIAN_POINT('',(0.,73.5020585189969,0.));
#1886=CARTESIAN_POINT('',(0.991774387398702,73.5020585189969,-4.33680868994202E-16));
#1887=CARTESIAN_POINT('',(1.00411703799376,68.9958829620062,0.));
#1888=CARTESIAN_POINT('',(-3.50205851899688,69.0082256126013,-1.0842021724855E-15));
#1889=CARTESIAN_POINT('',(-3.50205851899688,4.10479941023545E-17,0.));
#1890=CARTESIAN_POINT('',(-3.50205851899688,0.991774387398694,0.));
#1891=CARTESIAN_POINT('',(1.00411703799376,1.00411703799377,0.));
#1892=CARTESIAN_POINT('',(88.9958829620063,1.00411703799377,0.));
#1893=CARTESIAN_POINT('',(89.0041113957363,-2.,0.));
#1894=CARTESIAN_POINT('',(45.,-1.99999999999999,0.));
#1895=CARTESIAN_POINT('',(0.995888604263737,-1.99999999999999,0.));
#1896=CARTESIAN_POINT('',(1.00411703799376,1.00411703799377,0.));
#1897=CARTESIAN_POINT('',(-2.,0.995888604263744,0.));
#1898=CARTESIAN_POINT('',(-2.,35.,0.));
#1899=CARTESIAN_POINT('',(-2.,69.0041113957363,0.));
#1900=CARTESIAN_POINT('',(1.00411703799376,68.9958829620062,0.));
#1901=CARTESIAN_POINT('',(0.995888604263737,72.,0.));
#1902=CARTESIAN_POINT('',(45.,72.,0.));
#1903=CARTESIAN_POINT('',(89.0041113957362,72.,0.));
#1904=CARTESIAN_POINT('',(88.9958829620062,68.9958829620062,0.));
#1905=CARTESIAN_POINT('',(45.,-1.99999999999999,0.));
#1906=CARTESIAN_POINT('',(88.8839110674977,-1.87979967176143,-2.29355889302996));
#1907=CARTESIAN_POINT('',(88.4248830123795,-1.4207716166432,-11.0523359562429));
#1908=CARTESIAN_POINT('',(45.,-1.42077161664319,-11.0523359562429));
#1909=CARTESIAN_POINT('',(1.57511698762052,-1.42077161664319,-11.0523359562429));
#1910=CARTESIAN_POINT('',(1.11608893250229,-1.87979967176142,-2.29355889302995));
#1911=CARTESIAN_POINT('',(-2.,35.,0.));
#1912=CARTESIAN_POINT('',(-1.90711537577772,1.088773228486,-1.77234421097363));
#1913=CARTESIAN_POINT('',(-1.4207716166432,1.57511698762052,-11.0523359562429));
#1914=CARTESIAN_POINT('',(-1.4207716166432,35.,-11.0523359562429));
#1915=CARTESIAN_POINT('',(-1.4207716166432,68.4248830123795,-11.0523359562429));
#1916=CARTESIAN_POINT('',(-1.90711537577772,68.911226771514,-1.77234421097363));
#1917=CARTESIAN_POINT('',(45.,72.,0.));
#1918=CARTESIAN_POINT('',(1.11608893250229,71.8797996717614,-2.29355889302995));
#1919=CARTESIAN_POINT('',(1.57511698762052,71.4207716166432,-11.0523359562429));
#1920=CARTESIAN_POINT('',(45.,71.4207716166432,-11.0523359562429));
#1921=CARTESIAN_POINT('',(88.4248830123795,71.4207716166432,-11.0523359562429));
#1922=CARTESIAN_POINT('',(88.8839110674977,71.8797996717614,-2.29355889302995));
#1923=CARTESIAN_POINT('',(88.911226771514,68.911226771514,-1.6153363422448));
#1924=CARTESIAN_POINT('',(88.4193973898928,68.4193973898928,-11.));
#1925=CARTESIAN_POINT('',(1.11608893250229,68.8839110674977,-2.13655102430112));
#1926=CARTESIAN_POINT('',(1.58060261010722,68.4193973898928,-11.));
#1927=CARTESIAN_POINT('',(1.088773228486,1.08877322848601,-1.6153363422448));
#1928=CARTESIAN_POINT('',(1.58060261010721,1.58060261010722,-11.));
#1929=CARTESIAN_POINT('',(88.8839110674977,1.1160889325023,-2.13655102430112));
#1930=CARTESIAN_POINT('',(88.4193973898928,1.58060261010722,-11.));
#1931=CARTESIAN_POINT('',(0.,0.,-1.5));
#1932=CARTESIAN_POINT('',(1.08272870691832,1.08272870691833,-1.5));
#1933=CARTESIAN_POINT('',(-3.42344685007232,1.07038605632326,-1.5));
#1934=CARTESIAN_POINT('',(1.07038605632326,-3.42344685007231,-1.5));
#1935=CARTESIAN_POINT('',(-3.42344685007232,35.,-1.5));
#1936=CARTESIAN_POINT('',(-3.42344685007232,68.9296139436767,-1.5));
#1937=CARTESIAN_POINT('',(1.08272870691832,68.9172712930817,-1.5));
#1938=CARTESIAN_POINT('',(1.07038605632326,73.4234468500724,-1.5));
#1939=CARTESIAN_POINT('',(45.,73.4234468500723,-1.5));
#1940=CARTESIAN_POINT('',(88.9296139436767,73.4234468500724,-1.5));
#1941=CARTESIAN_POINT('',(88.9172712930817,68.9172712930817,-1.5));
#1942=CARTESIAN_POINT('',(93.4234468500723,68.9296139436767,-1.5));
#1943=CARTESIAN_POINT('',(93.4234468500723,35.,-1.5));
#1944=CARTESIAN_POINT('',(93.4234468500724,1.07038605632328,-1.5));
#1945=CARTESIAN_POINT('',(88.9172712930817,1.08272870691833,-1.5));
#1946=CARTESIAN_POINT('',(88.9296139436768,-3.42344685007231,-1.5));
#1947=CARTESIAN_POINT('',(45.,-3.42344685007231,-1.5));
#1948=CARTESIAN_POINT('',(88.9172712930817,1.08272870691833,-1.5));
#1949=CARTESIAN_POINT('',(88.9337281605418,-4.9255053690692,-1.5));
#1950=CARTESIAN_POINT('',(94.9255053690692,1.06627183945825,-1.5));
#1951=CARTESIAN_POINT('',(94.9255053690692,35.,-1.5));
#1952=CARTESIAN_POINT('',(94.9255053690692,68.9337281605418,-1.5));
#1953=CARTESIAN_POINT('',(88.9172712930817,68.9172712930817,-1.5));
#1954=CARTESIAN_POINT('',(88.9337281605417,74.9255053690692,-1.5));
#1955=CARTESIAN_POINT('',(45.,74.9255053690692,-1.5));
#1956=CARTESIAN_POINT('',(1.06627183945824,74.9255053690692,-1.5));
#1957=CARTESIAN_POINT('',(1.08272870691832,68.9172712930817,-1.5));
#1958=CARTESIAN_POINT('',(-4.9255053690692,68.9337281605417,-1.5));
#1959=CARTESIAN_POINT('',(-4.9255053690692,35.,-1.5));
#1960=CARTESIAN_POINT('',(-4.9255053690692,1.06627183945824,-1.5));
#1961=CARTESIAN_POINT('',(1.08272870691832,1.08272870691833,-1.5));
#1962=CARTESIAN_POINT('',(1.06627183945824,-4.9255053690692,-1.5));
#1963=CARTESIAN_POINT('',(45.,-4.9255053690692,-1.5));
#1964=CARTESIAN_POINT('',(88.8839110674977,1.1160889325023,-2.13655102430112));
#1965=CARTESIAN_POINT('',(88.8839110674977,-3.37774397389329,-2.37206282739437));
#1966=CARTESIAN_POINT('',(93.3777439738933,1.11608893250231,-2.37206282739437));
#1967=CARTESIAN_POINT('',(93.4979443021319,35.,-0.0785039343644158));
#1968=CARTESIAN_POINT('',(93.4050596779096,68.911226771514,-1.85084814533805));
#1969=CARTESIAN_POINT('',(88.911226771514,68.911226771514,-1.6153363422448));
#1970=CARTESIAN_POINT('',(88.911226771514,73.4050596779096,-1.85084814533805));
#1971=CARTESIAN_POINT('',(45.,73.4979443021319,-0.0785039343644158));
#1972=CARTESIAN_POINT('',(1.11608893250228,73.3777439738933,-2.37206282739437));
#1973=CARTESIAN_POINT('',(1.11608893250229,68.8839110674977,-2.13655102430112));
#1974=CARTESIAN_POINT('',(-3.37774397389329,68.8839110674977,-2.37206282739437));
#1975=CARTESIAN_POINT('',(-3.49794430213186,35.,-0.0785039343644158));
#1976=CARTESIAN_POINT('',(-3.40505967790958,1.08877322848599,-1.85084814533805));
#1977=CARTESIAN_POINT('',(1.088773228486,1.08877322848601,-1.6153363422448));
#1978=CARTESIAN_POINT('',(1.088773228486,-3.40505967790957,-1.85084814533805));
#1979=CARTESIAN_POINT('',(45.,-3.49794430213186,-0.0785039343644158));
#1980=CARTESIAN_POINT('',(0.,0.,-15.));
#1981=CARTESIAN_POINT('',(88.3669896106097,68.3669896106098,-15.));
#1982=CARTESIAN_POINT('',(88.3752180443398,71.3711066486035,-15.));
#1983=CARTESIAN_POINT('',(91.3711066486035,68.3752180443398,-15.));
#1984=CARTESIAN_POINT('',(91.3711066486035,1.77377685977932,-15.));
#1985=CARTESIAN_POINT('',(91.3711066486035,1.62478195566024,-15.));
#1986=CARTESIAN_POINT('',(88.3669896106098,1.63301038939026,-15.));
#1987=CARTESIAN_POINT('',(88.3752180443398,-1.3711066486035,-15.));
#1988=CARTESIAN_POINT('',(1.7737768597793,-1.3711066486035,-15.));
#1989=CARTESIAN_POINT('',(1.62478195566022,-1.3711066486035,-15.));
#1990=CARTESIAN_POINT('',(1.63301038939026,1.63301038939026,-15.));
#1991=CARTESIAN_POINT('',(-1.37110664860351,1.62478195566022,-15.));
#1992=CARTESIAN_POINT('',(-1.37110664860351,68.2262231402206,-15.));
#1993=CARTESIAN_POINT('',(-1.37110664860351,68.3752180443398,-15.));
#1994=CARTESIAN_POINT('',(1.63301038939026,68.3669896106097,-15.));
#1995=CARTESIAN_POINT('',(1.62478195566022,71.3711066486035,-15.));
#1996=CARTESIAN_POINT('',(88.2262231402206,71.3711066486035,-15.));
#1997=CARTESIAN_POINT('',(94.3669952528673,1.62478195566025,-12.1570078687288));
#1998=CARTESIAN_POINT('',(94.2180003487482,1.62478195566025,-15.));
#1999=CARTESIAN_POINT('',(91.3711066486035,1.62478195566024,-15.));
#2000=CARTESIAN_POINT('',(94.3648506923614,0.0567231601800057,-12.1979285208767));
#2001=CARTESIAN_POINT('',(94.1793121794962,0.105508360515541,-14.9999999999773));
#2002=CARTESIAN_POINT('',(91.3711066485981,0.839680277667119,-15.));
#2003=CARTESIAN_POINT('',(93.0652286595617,-3.06522865956614,-12.2455498539258));
#2004=CARTESIAN_POINT('',(92.8880520394387,-2.88805203945561,-15.0000000000105));
#2005=CARTESIAN_POINT('',(90.7225434963646,-0.722543496365173,-15.));
#2006=CARTESIAN_POINT('',(89.943276839829,-4.36485069236137,-12.1979285208762));
#2007=CARTESIAN_POINT('',(89.8944916395027,-4.17931217949344,-15.0000000000015));
#2008=CARTESIAN_POINT('',(89.1603197223327,-1.37110664859652,-15.));
#2009=CARTESIAN_POINT('',(88.3752180443398,-4.36699525286722,-12.1570078687288));
#2010=CARTESIAN_POINT('',(88.3752180443398,-4.21800034874814,-15.));
#2011=CARTESIAN_POINT('',(88.3752180443398,-1.3711066486035,-15.));
#2012=CARTESIAN_POINT('',(88.3752180443398,-1.3711066486035,-12.));
#2013=CARTESIAN_POINT('',(88.3752180443398,-4.36699525286722,-12.1570078687288));
#2014=CARTESIAN_POINT('',(91.3711066486035,1.62478195566023,-12.));
#2015=CARTESIAN_POINT('',(94.3669952528673,1.62478195566024,-12.1570078687288));
#2016=CARTESIAN_POINT('',(88.3669896106098,1.63301038939026,-12.));
#2017=CARTESIAN_POINT('',(91.3711066486035,3.42710494549866E-14,-12.));
#2018=CARTESIAN_POINT('',(91.3711066486035,68.3752180443398,-12.));
#2019=CARTESIAN_POINT('',(94.3669952528672,68.3752180443398,-12.1570078687288));
#2020=CARTESIAN_POINT('',(94.3669952528672,68.2262231402207,-12.1570078687288));
#2021=CARTESIAN_POINT('',(88.3752180443398,74.3669952528673,-12.1570078687288));
#2022=CARTESIAN_POINT('',(88.3752180443398,74.2180003487482,-15.));
#2023=CARTESIAN_POINT('',(88.3752180443398,71.3711066486035,-15.));
#2024=CARTESIAN_POINT('',(89.9432768397963,74.3648506923614,-12.1979285208767));
#2025=CARTESIAN_POINT('',(89.8944916394505,74.1793121794818,-15.0000000000015));
#2026=CARTESIAN_POINT('',(89.1603197223272,71.3711066485981,-15.));
#2027=CARTESIAN_POINT('',(93.0652286595781,73.0652286595617,-12.2455498539256));
#2028=CARTESIAN_POINT('',(92.8880520394701,72.888052039449,-15.000000000001));
#2029=CARTESIAN_POINT('',(90.7225434963673,70.7225434963646,-15.));
#2030=CARTESIAN_POINT('',(94.3648506923613,69.943276839829,-12.1979285208767));
#2031=CARTESIAN_POINT('',(94.1793121794878,69.8944916395028,-14.9999999999965));
#2032=CARTESIAN_POINT('',(91.3711066485981,69.1603197223327,-15.));
#2033=CARTESIAN_POINT('',(94.3669952528672,68.3752180443398,-12.1570078687288));
#2034=CARTESIAN_POINT('',(94.2180003487481,68.3752180443398,-15.));
#2035=CARTESIAN_POINT('',(91.3711066486035,68.3752180443398,-15.));
#2036=CARTESIAN_POINT('',(88.3752180443398,71.3711066486035,-12.));
#2037=CARTESIAN_POINT('',(88.3752180443397,74.3669952528672,-12.1570078687288));
#2038=CARTESIAN_POINT('',(88.3669896106097,68.3669896106098,-12.));
#2039=CARTESIAN_POINT('',(0.,71.3711066486035,-12.));
#2040=CARTESIAN_POINT('',(1.62478195566022,71.3711066486035,-12.));
#2041=CARTESIAN_POINT('',(1.62478195566022,74.3669952528672,-12.1570078687288));
#2042=CARTESIAN_POINT('',(1.7737768597793,74.3669952528672,-12.1570078687288));
#2043=CARTESIAN_POINT('',(-4.36699525286723,68.3752180443398,-12.1570078687288));
#2044=CARTESIAN_POINT('',(-4.21800034874814,68.3752180443398,-15.));
#2045=CARTESIAN_POINT('',(-1.37110664860351,68.3752180443398,-15.));
#2046=CARTESIAN_POINT('',(-4.36485069236138,69.9432768398181,-12.1979285208762));
#2047=CARTESIAN_POINT('',(-4.17931217949554,69.8944916395056,-15.0000000000015));
#2048=CARTESIAN_POINT('',(-1.37110664859636,69.1603197223272,-15.));
#2049=CARTESIAN_POINT('',(-3.06522865956663,73.0652286595671,-12.2455498539259));
#2050=CARTESIAN_POINT('',(-2.888052039448,72.8880520394463,-14.9999999999985));
#2051=CARTESIAN_POINT('',(-0.722543496365566,70.7225434963673,-15.));
#2052=CARTESIAN_POINT('',(0.0567231601809192,74.3648506923614,-12.1979285208767));
#2053=CARTESIAN_POINT('',(0.105508360511533,74.1793121794818,-15.0000000000015));
#2054=CARTESIAN_POINT('',(0.839680277667702,71.3711066485981,-15.));
#2055=CARTESIAN_POINT('',(1.62478195566023,74.3669952528672,-12.1570078687288));
#2056=CARTESIAN_POINT('',(1.62478195566023,74.2180003487481,-15.));
#2057=CARTESIAN_POINT('',(1.62478195566022,71.3711066486035,-15.));
#2058=CARTESIAN_POINT('',(-1.37110664860351,68.3752180443398,-12.));
#2059=CARTESIAN_POINT('',(-4.36699525286723,68.3752180443398,-12.1570078687288));
#2060=CARTESIAN_POINT('',(1.63301038939026,68.3669896106097,-12.));
#2061=CARTESIAN_POINT('',(-1.37110664860351,1.6070884401354E-17,-12.));
#2062=CARTESIAN_POINT('',(-1.37110664860351,1.62478195566021,-12.));
#2063=CARTESIAN_POINT('',(-4.36699525286723,1.62478195566021,-12.1570078687288));
#2064=CARTESIAN_POINT('',(-4.36699525286723,1.77377685977929,-12.1570078687288));
#2065=CARTESIAN_POINT('',(1.62478195566022,-4.36699525286722,-12.1570078687288));
#2066=CARTESIAN_POINT('',(1.62478195566022,-4.21800034874814,-15.));
#2067=CARTESIAN_POINT('',(1.62478195566022,-1.3711066486035,-15.));
#2068=CARTESIAN_POINT('',(0.0567231601820213,-4.3648506923614,-12.1979285208755));
#2069=CARTESIAN_POINT('',(0.1055083605127,-4.17931217949555,-15.0000000000015));
#2070=CARTESIAN_POINT('',(0.839680277668124,-1.37110664859635,-15.));
#2071=CARTESIAN_POINT('',(-3.06522865956713,-3.06522865956633,-12.2455498539268));
#2072=CARTESIAN_POINT('',(-2.88805203944883,-2.88805203944801,-14.9999999999986));
#2073=CARTESIAN_POINT('',(-0.72254349636576,-0.722543496365355,-15.));
#2074=CARTESIAN_POINT('',(-4.36485069236141,0.0567231601803248,-12.1979285208755));
#2075=CARTESIAN_POINT('',(-4.17931217949486,0.105508360511657,-15.0000000000015));
#2076=CARTESIAN_POINT('',(-1.37110664859636,0.83968027766728,-15.));
#2077=CARTESIAN_POINT('',(-4.36699525286723,1.62478195566022,-12.1570078687288));
#2078=CARTESIAN_POINT('',(-4.21800034874815,1.62478195566022,-15.));
#2079=CARTESIAN_POINT('',(-1.37110664860351,1.62478195566022,-15.));
#2080=CARTESIAN_POINT('',(1.62478195566021,-1.3711066486035,-12.));
#2081=CARTESIAN_POINT('',(1.62478195566022,-4.36699525286722,-12.1570078687288));
#2082=CARTESIAN_POINT('',(1.63301038939026,1.63301038939026,-12.));
#2083=CARTESIAN_POINT('',(-3.16288682367071E-17,-1.3711066486035,-12.));
#2084=CARTESIAN_POINT('',(88.2262231402207,-4.36699525286722,-12.1570078687288));
#2085=CARTESIAN_POINT('',(45.,-4.99588860426372,-0.157007868728832));
#2086=CARTESIAN_POINT('',(1.088773228486,-4.90300398004143,-1.92935207970247));
#2087=CARTESIAN_POINT('',(88.8839110674977,-4.87568827602515,-2.45056676175879));
#2088=CARTESIAN_POINT('',(1.088773228486,1.08877322848601,-1.6153363422448));
#2089=CARTESIAN_POINT('',(-4.90300398004144,1.088773228486,-1.92935207970247));
#2090=CARTESIAN_POINT('',(-4.99588860426372,35.,-0.157007868728832));
#2091=CARTESIAN_POINT('',(-4.87568827602515,68.8839110674977,-2.45056676175878));
#2092=CARTESIAN_POINT('',(1.11608893250229,68.8839110674977,-2.13655102430112));
#2093=CARTESIAN_POINT('',(1.11608893250229,74.8756882760251,-2.45056676175879));
#2094=CARTESIAN_POINT('',(45.,74.9958886042637,-0.157007868728832));
#2095=CARTESIAN_POINT('',(88.911226771514,74.9030039800415,-1.92935207970246));
#2096=CARTESIAN_POINT('',(88.911226771514,68.911226771514,-1.6153363422448));
#2097=CARTESIAN_POINT('',(94.9030039800414,68.911226771514,-1.92935207970246));
#2098=CARTESIAN_POINT('',(94.9958886042637,35.,-0.157007868728832));
#2099=CARTESIAN_POINT('',(94.8756882760252,1.11608893250231,-2.45056676175879));
#2100=CARTESIAN_POINT('',(88.8839110674977,1.1160889325023,-2.13655102430112));
#2101=CARTESIAN_POINT('',(45.,70.4221420818886,-11.));
#2102=CARTESIAN_POINT('',(1.57511698762052,70.4221420818886,-11.));
#2103=CARTESIAN_POINT('',(88.4248830123795,70.4221420818886,-11.));
#2104=CARTESIAN_POINT('',(88.4248830123794,71.4207716166432,-11.0523359562429));
#2105=CARTESIAN_POINT('',(88.4248830123794,71.3711066486035,-12.));
#2106=CARTESIAN_POINT('',(88.4248830123795,70.4221420818887,-12.));
#2107=CARTESIAN_POINT('',(89.209269873098,71.4200567631082,-11.0659761742566));
#2108=CARTESIAN_POINT('',(89.1913230002997,71.3582105933258,-12.));
#2109=CARTESIAN_POINT('',(88.9482841552116,70.4221420818741,-12.));
#2110=CARTESIAN_POINT('',(90.770661683365,70.7706616833796,-11.0818499506777));
#2111=CARTESIAN_POINT('',(90.7118806460859,70.7118806461136,-12.0000000000066));
#2112=CARTESIAN_POINT('',(89.9897666349829,69.9897666349902,-12.));
#2113=CARTESIAN_POINT('',(91.4200567631082,69.209269873069,-11.0659761742562));
#2114=CARTESIAN_POINT('',(91.358210593319,69.1913230002514,-11.9999999999867));
#2115=CARTESIAN_POINT('',(90.4221420818741,68.9482841551972,-12.));
#2116=CARTESIAN_POINT('',(91.4207716166432,68.4248830123795,-11.0523359562429));
#2117=CARTESIAN_POINT('',(91.3711066486035,68.4248830123795,-12.));
#2118=CARTESIAN_POINT('',(90.4221420818887,68.4248830123795,-12.));
#2119=CARTESIAN_POINT('',(-1.4207716166432,68.4248830123795,-11.0523359562429));
#2120=CARTESIAN_POINT('',(-1.37110664860351,68.4248830123795,-12.));
#2121=CARTESIAN_POINT('',(-0.422142081888624,68.4248830123795,-12.));
#2122=CARTESIAN_POINT('',(-1.42005676310825,69.2092698730871,-11.0659761742552));
#2123=CARTESIAN_POINT('',(-1.35821059331776,69.1913230002715,-12.0000000000002));
#2124=CARTESIAN_POINT('',(-0.422142081872621,68.9482841552117,-12.));
#2125=CARTESIAN_POINT('',(-0.770661683371267,70.7706616833705,-11.081849950679));
#2126=CARTESIAN_POINT('',(-0.711880646104236,70.7118806460973,-12.0000000000002));
#2127=CARTESIAN_POINT('',(0.0102333650139189,69.9897666349848,-12.));
#2128=CARTESIAN_POINT('',(0.790730126914466,71.4200567631082,-11.065976174255));
#2129=CARTESIAN_POINT('',(0.808676999732512,71.3582105933282,-11.9999999999995));
#2130=CARTESIAN_POINT('',(1.05171584479312,70.4221420818704,-12.));
#2131=CARTESIAN_POINT('',(1.57511698762051,71.4207716166432,-11.0523359562429));
#2132=CARTESIAN_POINT('',(1.57511698762051,71.3711066486035,-12.));
#2133=CARTESIAN_POINT('',(1.57511698762052,70.4221420818886,-12.));
#2134=CARTESIAN_POINT('',(-0.422142081888623,68.4248830123795,-11.));
#2135=CARTESIAN_POINT('',(90.4221420818886,35.,-11.));
#2136=CARTESIAN_POINT('',(90.4221420818886,31.5,-11.));
#2137=CARTESIAN_POINT('',(90.4221420818887,1.57511698762053,-11.));
#2138=CARTESIAN_POINT('',(-0.422142081888626,35.,-11.));
#2139=CARTESIAN_POINT('',(-0.422142081888626,1.57511698762052,-11.));
#2140=CARTESIAN_POINT('',(91.4207716166432,1.57511698762053,-11.0523359562429));
#2141=CARTESIAN_POINT('',(91.3711066486035,1.57511698762053,-12.));
#2142=CARTESIAN_POINT('',(90.4221420818887,1.57511698762053,-12.));
#2143=CARTESIAN_POINT('',(91.4200567631083,0.790730126914546,-11.065976174255));
#2144=CARTESIAN_POINT('',(91.3582105933096,0.808676999733072,-12.0000000000002));
#2145=CARTESIAN_POINT('',(90.4221420818705,1.05171584479319,-12.));
#2146=CARTESIAN_POINT('',(90.7706616833759,-0.770661683371283,-11.081849950679));
#2147=CARTESIAN_POINT('',(90.7118806461166,-0.711880646104799,-11.9999999999996));
#2148=CARTESIAN_POINT('',(89.9897666349902,0.0102333650137341,-12.));
#2149=CARTESIAN_POINT('',(89.2092698730763,-1.42005676310824,-11.0659761742552));
#2150=CARTESIAN_POINT('',(89.1913230002514,-1.35821059331737,-12.0000000000006));
#2151=CARTESIAN_POINT('',(88.9482841552008,-0.422142081872277,-12.));
#2152=CARTESIAN_POINT('',(88.4248830123795,-1.4207716166432,-11.0523359562429));
#2153=CARTESIAN_POINT('',(88.4248830123795,-1.3711066486035,-12.));
#2154=CARTESIAN_POINT('',(88.4248830123795,-0.422142081888621,-12.));
#2155=CARTESIAN_POINT('',(88.4248830123795,-0.42214208188862,-11.));
#2156=CARTESIAN_POINT('',(1.57511698762053,-1.42077161664319,-11.0523359562429));
#2157=CARTESIAN_POINT('',(1.57511698762053,-1.3711066486035,-12.));
#2158=CARTESIAN_POINT('',(1.57511698762052,-0.422142081888619,-12.));
#2159=CARTESIAN_POINT('',(0.790730126914367,-1.42005676310824,-11.0659761742552));
#2160=CARTESIAN_POINT('',(0.808676999732598,-1.35821059331776,-12.0000000000002));
#2161=CARTESIAN_POINT('',(1.05171584479318,-0.422142081872616,-12.));
#2162=CARTESIAN_POINT('',(-0.770661683371204,-0.770661683371229,-11.0818499506789));
#2163=CARTESIAN_POINT('',(-0.711880646104801,-0.711880646104441,-11.9999999999998));
#2164=CARTESIAN_POINT('',(0.0102333650135558,0.0102333650138806,-12.));
#2165=CARTESIAN_POINT('',(-1.42005676310824,0.790730126914369,-11.0659761742552));
#2166=CARTESIAN_POINT('',(-1.35821059331699,0.808676999732599,-12.0000000000002));
#2167=CARTESIAN_POINT('',(-0.422142081871943,1.05171584479319,-12.));
#2168=CARTESIAN_POINT('',(-1.4207716166432,1.57511698762053,-11.0523359562429));
#2169=CARTESIAN_POINT('',(-1.37110664860351,1.57511698762053,-12.));
#2170=CARTESIAN_POINT('',(-0.422142081888627,1.57511698762053,-12.));
#2171=CARTESIAN_POINT('',(1.57511698762052,-0.422142081888618,-11.));
#2172=CARTESIAN_POINT('',(45.,-0.422142081888619,-11.));
#2173=CARTESIAN_POINT('',(76.8760770820789,52.4,-12.));
#2174=CARTESIAN_POINT('',(76.8760770820789,52.4,-1.5));
#2175=CARTESIAN_POINT('',(76.8760770820789,52.9,-1.5));
#2176=CARTESIAN_POINT('',(76.8760770820789,52.9,-12.));
#2177=CARTESIAN_POINT('',(76.8760770820789,52.4,-1.5));
#2178=CARTESIAN_POINT('',(78.4,32.,-1.5));
#2179=CARTESIAN_POINT('',(76.8760770820789,32.,-1.5));
#2180=CARTESIAN_POINT('',(76.8760770820789,31.5,-1.5));
#2181=CARTESIAN_POINT('',(76.8760770820789,31.5,-1.5));
#2182=CARTESIAN_POINT('',(76.8760770820789,32.5,-1.5));
#2183=CARTESIAN_POINT('',(79.4,32.5,-1.5));
#2184=CARTESIAN_POINT('',(79.4,32.,-1.5));
#2185=CARTESIAN_POINT('',(79.4,51.9,-1.5));
#2186=CARTESIAN_POINT('',(76.8760770820789,51.9,-1.5));
#2187=CARTESIAN_POINT('',(76.8760770820789,52.9,-1.5));
#2188=CARTESIAN_POINT('',(76.8760770820789,52.9,-12.));
#2189=CARTESIAN_POINT('',(76.8760770820789,51.9,-12.));
#2190=CARTESIAN_POINT('',(79.4,51.9,-12.));
#2191=CARTESIAN_POINT('',(76.8760770820789,32.,-12.));
#2192=CARTESIAN_POINT('',(76.8760770820789,31.5,-12.));
#2193=CARTESIAN_POINT('',(76.8760770820789,32.5,-12.));
#2194=CARTESIAN_POINT('',(79.4,32.5,-12.));
#2195=CARTESIAN_POINT('',(76.8760770820789,31.5,-12.));
#2196=CARTESIAN_POINT('',(78.4,32.,-12.));
#2197=CARTESIAN_POINT('',(79.4,32.,-12.));
#2198=CARTESIAN_POINT('',(82.5,62.5,-130.229981982948));
#2199=CARTESIAN_POINT('',(82.5,62.5,-10.));
#2200=CARTESIAN_POINT('',(77.5,62.5,-10.));
#2201=CARTESIAN_POINT('',(82.5,62.5,-1.5));
#2202=CARTESIAN_POINT('',(82.5,57.5,-1.5));
#2203=CARTESIAN_POINT('',(82.5,62.5,-1.5));
#2204=CARTESIAN_POINT('',(82.5,62.5,-1.5));
#2205=CARTESIAN_POINT('',(82.5,60.75,-1.5));
#2206=CARTESIAN_POINT('',(82.5,7.5,-130.229981982948));
#2207=CARTESIAN_POINT('',(82.5,7.5,-10.));
#2208=CARTESIAN_POINT('',(77.5,7.5,-10.));
#2209=CARTESIAN_POINT('',(82.5,7.5,-1.5));
#2210=CARTESIAN_POINT('',(82.5,2.5,-1.5));
#2211=CARTESIAN_POINT('',(82.5,7.5,-1.5));
#2212=CARTESIAN_POINT('',(82.5,7.5,-1.5));
#2213=CARTESIAN_POINT('',(82.5,5.75,-1.5));
#2214=CARTESIAN_POINT('',(7.5,62.5,-130.229981982948));
#2215=CARTESIAN_POINT('',(7.5,62.5,-9.99999999999999));
#2216=CARTESIAN_POINT('',(2.5,62.5,-9.99999999999999));
#2217=CARTESIAN_POINT('',(7.5,62.5,-1.5));
#2218=CARTESIAN_POINT('',(7.5,57.5,-1.5));
#2219=CARTESIAN_POINT('',(7.5,62.5,-1.5));
#2220=CARTESIAN_POINT('',(7.5,62.5,-1.5));
#2221=CARTESIAN_POINT('',(7.5,60.75,-1.5));
#2222=CARTESIAN_POINT('',(7.5,7.5,-130.229981982948));
#2223=CARTESIAN_POINT('',(7.5,7.5,-10.));
#2224=CARTESIAN_POINT('',(2.5,7.5,-10.));
#2225=CARTESIAN_POINT('',(7.5,7.5,-1.5));
#2226=CARTESIAN_POINT('',(7.5,2.5,-1.5));
#2227=CARTESIAN_POINT('',(7.5,7.5,-1.5));
#2228=CARTESIAN_POINT('',(7.5,7.5,-1.5));
#2229=CARTESIAN_POINT('',(7.5,5.75,-1.5));
#2230=CARTESIAN_POINT('',(7.5,62.5,-9.99999999999999));
#2231=CARTESIAN_POINT('',(82.5,62.5,-10.));
#2232=CARTESIAN_POINT('',(82.5,7.5,-10.));
#2233=CARTESIAN_POINT('',(7.5,7.5,-10.));
#2234=CARTESIAN_POINT('',(7.5,62.5,-10.));
#2235=CARTESIAN_POINT('',(7.5,62.5,-10.));
#2236=CARTESIAN_POINT('',(7.5,60.75,-10.));
#2237=CARTESIAN_POINT('',(7.5,62.5,-10.));
#2238=CARTESIAN_POINT('',(7.5,7.5,-10.));
#2239=CARTESIAN_POINT('',(7.5,7.5,-10.));
#2240=CARTESIAN_POINT('',(7.5,5.75,-10.));
#2241=CARTESIAN_POINT('',(7.5,7.5,-10.));
#2242=CARTESIAN_POINT('',(82.5,62.5,-10.));
#2243=CARTESIAN_POINT('',(82.5,62.5,-10.));
#2244=CARTESIAN_POINT('',(82.5,60.75,-10.));
#2245=CARTESIAN_POINT('',(82.5,62.5,-10.));
#2246=CARTESIAN_POINT('',(82.5,7.5,-10.));
#2247=CARTESIAN_POINT('',(82.5,7.5,-10.));
#2248=CARTESIAN_POINT('',(82.5,5.75,-10.));
#2249=CARTESIAN_POINT('',(82.5,7.5,-10.));
#2250=MECHANICAL_DESIGN_GEOMETRIC_PRESENTATION_REPRESENTATION('',(#1247),
#2251);
#2251=(
GEOMETRIC_REPRESENTATION_CONTEXT(3)
GLOBAL_UNCERTAINTY_ASSIGNED_CONTEXT((#2252))
GLOBAL_UNIT_ASSIGNED_CONTEXT((#2255,#2254,#2253))
REPRESENTATION_CONTEXT('Заготовка_основа1_печать3д',
'TOP_LEVEL_ASSEMBLY_PART')
);
#2252=UNCERTAINTY_MEASURE_WITH_UNIT(LENGTH_MEASURE(0.005),#2255,
'DISTANCE_ACCURACY_VALUE','Maximum Tolerance applied to model');
#2253=(
NAMED_UNIT(*)
SI_UNIT($,.STERADIAN.)
SOLID_ANGLE_UNIT()
);
#2254=(
NAMED_UNIT(*)
PLANE_ANGLE_UNIT()
SI_UNIT($,.RADIAN.)
);
#2255=(
LENGTH_UNIT()
NAMED_UNIT(*)
SI_UNIT(.MILLI.,.METRE.)
);
#2256=PRODUCT_DEFINITION_SHAPE('','',#2257);
#2257=PRODUCT_DEFINITION('','',#2259,#2258);
#2258=PRODUCT_DEFINITION_CONTEXT('',#2265,'design');
#2259=PRODUCT_DEFINITION_FORMATION_WITH_SPECIFIED_SOURCE('','',#2261,
 .NOT_KNOWN.);
#2260=PRODUCT_RELATED_PRODUCT_CATEGORY('','',(#2261));
#2261=PRODUCT('Заготовка_основа1_печать3д','Заготовка_основа1_печать3д',
'Заготовка_основа1_печать3д',(#2263));
#2262=PRODUCT_CATEGORY('','');
#2263=PRODUCT_CONTEXT('',#2265,'mechanical');
#2264=APPLICATION_PROTOCOL_DEFINITION('international standard',
'automotive_design',2010,#2265);
#2265=APPLICATION_CONTEXT(
'core data for automotive mechanical design processes');
ENDSEC;
END-ISO-10303-21;
